timestamp,Watt,Temp,Vin,Vout
2026-01-22T00:00:36.233662,128.0,22.3,100.0,99.9
2026-01-22T00:01:36.650088,128.0,22.0,100.1,99.9
2026-01-22T00:02:37.064817,120.0,21.7,100.1,100.0
2026-01-22T00:03:37.478704,128.0,21.5,100.3,99.9
2026-01-22T00:04:37.893085,128.0,21.2,100.2,99.9
2026-01-22T00:05:38.310203,128.0,21.0,100.3,99.9
2026-01-22T00:06:38.725617,128.0,20.9,100.0,99.9
2026-01-22T00:07:39.140422,128.0,20.6,100.2,99.9
2026-01-22T00:08:39.555610,128.0,20.5,100.3,99.9
2026-01-22T00:09:39.970948,120.0,20.6,100.3,99.9
2026-01-22T00:10:40.385752,128.0,20.9,99.9,99.9
2026-01-22T00:11:40.802679,120.0,21.2,100.0,99.9
2026-01-22T00:12:41.219249,128.0,21.6,100.2,99.9
2026-01-22T00:13:41.633766,128.0,21.9,100.1,99.9
2026-01-22T00:14:42.048294,120.0,22.2,100.3,99.9
2026-01-22T00:15:42.486737,120.0,22.3,100.5,99.9
2026-01-22T00:16:42.901176,120.0,22.4,100.5,99.9
2026-01-22T00:17:43.328005,136.0,22.4,100.7,99.9
2026-01-22T00:18:43.747663,128.0,22.4,100.4,99.9
2026-01-22T00:19:44.163605,120.0,22.2,100.4,99.9
2026-01-22T00:20:44.578131,128.0,22.0,100.3,99.9
2026-01-22T00:21:44.994452,120.0,21.7,100.5,99.9
2026-01-22T00:22:45.410958,120.0,21.4,100.5,99.9
2026-01-22T00:23:45.825192,128.0,21.2,100.4,99.9
2026-01-22T00:24:46.240788,120.0,21.0,100.4,99.9
2026-01-22T00:25:46.655880,120.0,20.8,100.3,99.9
2026-01-22T00:26:47.072217,120.0,20.6,100.2,99.9
2026-01-22T00:27:47.491674,136.0,20.5,100.3,99.9
2026-01-22T00:28:47.906211,128.0,20.6,100.2,99.9
2026-01-22T00:29:48.323036,120.0,20.9,100.2,99.8
2026-01-22T00:30:48.759075,120.0,21.2,100.2,99.9
2026-01-22T00:31:49.176623,120.0,21.4,100.1,99.9
2026-01-22T00:32:49.605360,136.0,21.8,100.0,99.9
2026-01-22T00:33:50.022645,120.0,22.1,99.8,99.9
2026-01-22T00:34:50.438075,128.0,22.3,99.8,99.9
2026-01-22T00:35:50.854816,120.0,22.4,100.5,99.9
2026-01-22T00:36:51.271865,120.0,22.5,100.6,99.9
2026-01-22T00:37:51.701666,128.0,22.5,100.9,99.9
2026-01-22T00:38:52.118288,128.0,22.4,101.0,99.9
2026-01-22T00:39:52.534490,144.0,22.2,100.7,99.9
2026-01-22T00:40:52.953089,128.0,21.9,100.6,99.9
2026-01-22T00:41:53.369937,128.0,21.6,100.5,99.9
2026-01-22T00:42:53.785950,128.0,21.3,100.4,99.9
2026-01-22T00:43:54.204688,120.0,21.1,100.3,99.9
2026-01-22T00:44:54.623101,120.0,20.9,100.2,99.9
2026-01-22T00:45:55.060621,128.0,20.6,100.2,99.9
2026-01-22T00:46:55.477178,120.0,20.5,99.8,99.9
2026-01-22T00:47:55.893843,128.0,20.5,99.6,99.9
2026-01-22T00:48:56.313413,128.0,20.5,99.8,99.9
2026-01-22T00:49:56.730065,136.0,20.9,99.7,99.9
2026-01-22T00:50:57.147306,128.0,21.2,99.6,99.9
2026-01-22T00:51:57.564945,120.0,21.6,99.9,99.9
2026-01-22T00:52:57.981796,120.0,21.9,100.2,99.9
2026-01-22T00:53:58.399527,128.0,22.2,100.2,99.9
2026-01-22T00:54:58.816077,120.0,22.3,100.2,99.9
2026-01-22T00:55:59.233695,120.0,22.6,100.4,99.9
2026-01-22T00:56:59.651532,120.0,22.6,100.5,99.9
2026-01-22T00:58:00.068324,120.0,22.5,100.6,99.9
2026-01-22T00:59:00.485043,128.0,22.3,100.5,99.9
2026-01-22T01:00:00.922662,128.0,22.0,101.0,99.9
2026-01-22T01:01:01.361633,120.0,21.8,100.8,99.9
2026-01-22T01:02:01.778852,120.0,21.5,100.4,99.9
2026-01-22T01:03:02.195714,128.0,21.3,100.6,99.9
2026-01-22T01:04:02.613402,128.0,21.0,100.4,99.9
2026-01-22T01:05:03.034744,128.0,20.8,100.3,99.9
2026-01-22T01:06:03.450834,128.0,20.6,100.3,99.9
2026-01-22T01:07:03.867683,128.0,20.5,100.4,99.9
2026-01-22T01:08:04.284749,120.0,20.5,100.4,99.9
2026-01-22T01:09:04.702368,128.0,20.7,100.3,99.9
2026-01-22T01:10:05.124789,128.0,21.1,100.2,99.9
2026-01-22T01:11:05.543029,120.0,21.4,100.1,99.9
2026-01-22T01:12:05.959760,128.0,21.7,100.1,99.9
2026-01-22T01:13:06.375856,128.0,22.0,100.3,99.9
2026-01-22T01:14:06.798033,120.0,22.2,100.3,99.9
2026-01-22T01:15:07.218372,128.0,22.4,100.3,99.9
2026-01-22T01:16:07.655776,128.0,22.4,100.2,99.9
2026-01-22T01:17:08.073868,120.0,22.3,100.3,99.9
2026-01-22T01:18:08.490975,120.0,22.2,100.2,100.0
2026-01-22T01:19:08.907749,120.0,21.9,100.2,99.9
2026-01-22T01:20:09.326491,120.0,21.7,100.3,99.9
2026-01-22T01:21:09.753336,136.0,21.4,100.4,99.9
2026-01-22T01:22:10.170749,128.0,21.2,100.7,99.9
2026-01-22T01:23:10.587080,128.0,21.0,100.6,99.9
2026-01-22T01:24:11.007682,120.0,20.8,100.3,99.9
2026-01-22T01:25:11.424961,120.0,20.6,100.4,99.9
2026-01-22T01:26:11.843579,136.0,20.5,100.4,99.9
2026-01-22T01:27:12.260592,128.0,20.5,100.2,99.9
2026-01-22T01:28:12.679102,128.0,20.7,100.2,99.9
2026-01-22T01:29:13.096787,128.0,21.1,100.3,99.9
2026-01-22T01:30:13.514880,120.0,21.4,100.3,99.9
2026-01-22T01:31:13.951652,120.0,21.8,100.2,99.9
2026-01-22T01:32:14.370992,128.0,22.0,100.3,99.9
2026-01-22T01:33:14.790536,128.0,22.3,100.2,99.9
2026-01-22T01:34:15.207570,120.0,22.4,100.1,99.9
2026-01-22T01:35:15.625308,120.0,22.5,100.2,99.9
2026-01-22T01:36:16.041193,120.0,22.4,100.3,99.9
2026-01-22T01:37:16.462486,128.0,22.3,100.3,99.9
2026-01-22T01:38:16.893969,120.0,22.0,100.3,99.9
2026-01-22T01:39:17.311966,128.0,21.7,100.5,99.9
2026-01-22T01:40:17.744694,136.0,21.5,100.5,99.9
2026-01-22T01:41:18.163364,120.0,21.3,100.6,99.9
2026-01-22T01:42:18.581186,120.0,21.0,100.4,99.9
2026-01-22T01:43:18.997112,120.0,20.8,100.6,99.9
2026-01-22T01:44:19.416546,120.0,20.6,100.2,99.9
2026-01-22T01:45:19.844936,128.0,20.5,100.4,99.9
2026-01-22T01:46:20.296070,136.0,20.5,100.2,99.9
2026-01-22T01:47:20.715790,128.0,20.6,100.4,99.9
2026-01-22T01:48:21.132744,128.0,20.8,100.4,99.9
2026-01-22T01:49:21.549190,128.0,21.1,100.3,99.9
2026-01-22T01:50:21.968415,128.0,21.5,100.0,99.9
2026-01-22T01:51:22.385231,120.0,21.8,99.6,99.9
2026-01-22T01:52:22.803436,120.0,22.1,99.6,99.9
2026-01-22T01:53:23.220680,120.0,22.3,99.5,99.9
2026-01-22T01:54:23.655446,136.0,22.5,99.4,99.9
2026-01-22T01:55:24.078665,128.0,22.6,99.4,99.9
2026-01-22T01:56:24.496558,128.0,22.4,101.0,99.9
2026-01-22T01:57:24.915901,128.0,22.2,101.0,99.9
2026-01-22T01:58:25.334808,120.0,22.0,101.1,99.9
2026-01-22T01:59:25.755851,120.0,21.7,101.0,99.9
2026-01-22T02:00:26.174017,120.0,21.4,101.1,99.9
2026-01-22T02:01:26.614533,136.0,21.2,101.2,99.9
2026-01-22T02:02:27.051516,128.0,20.9,101.2,99.9
2026-01-22T02:03:27.469196,128.0,20.7,101.5,99.9
2026-01-22T02:04:27.889459,128.0,20.5,101.4,99.9
2026-01-22T02:05:28.307572,120.0,20.4,101.4,99.9
2026-01-22T02:06:28.724387,128.0,20.4,101.3,99.9
2026-01-22T02:07:29.145610,120.0,20.7,101.4,99.9
2026-01-22T02:08:29.564439,128.0,21.0,101.4,99.9
2026-01-22T02:09:29.983395,128.0,21.3,101.5,99.9
2026-01-22T02:10:30.404820,120.0,21.6,101.7,99.9
2026-01-22T02:11:30.824442,128.0,21.9,101.2,99.9
2026-01-22T02:12:31.241902,120.0,22.1,101.2,99.9
2026-01-22T02:13:31.673507,136.0,22.4,101.2,99.9
2026-01-22T02:14:32.093200,128.0,22.4,101.3,99.9
2026-01-22T02:15:32.513694,120.0,22.3,101.6,99.9
2026-01-22T02:16:32.954082,120.0,22.2,101.4,99.9
2026-01-22T02:17:33.370857,128.0,21.9,101.5,99.9
2026-01-22T02:18:33.787937,120.0,21.7,101.5,99.9
2026-01-22T02:19:34.211744,128.0,21.5,101.4,99.9
2026-01-22T02:20:34.630895,136.0,21.3,101.5,99.9
2026-01-22T02:21:35.049027,128.0,21.0,101.4,99.9
2026-01-22T02:22:35.469086,128.0,20.8,101.7,99.9
2026-01-22T02:23:35.887864,120.0,20.6,101.6,99.9
2026-01-22T02:24:36.307385,144.0,20.4,101.1,99.9
2026-01-22T02:25:36.726802,120.0,20.4,101.4,99.9
2026-01-22T02:26:37.145134,128.0,20.4,101.5,99.9
2026-01-22T02:27:37.566520,136.0,20.8,101.4,99.9
2026-01-22T02:28:37.983926,128.0,21.1,101.4,99.9
2026-01-22T02:29:38.405387,128.0,21.5,101.9,99.9
2026-01-22T02:30:38.823118,128.0,21.8,102.0,99.9
2026-01-22T02:31:39.263853,128.0,22.1,101.9,99.9
2026-01-22T02:32:39.689249,120.0,22.3,102.1,99.9
2026-01-22T02:33:40.125109,128.0,22.5,101.9,99.9
2026-01-22T02:34:40.543952,128.0,22.5,101.7,99.9
2026-01-22T02:35:40.962425,120.0,22.3,101.8,99.9
2026-01-22T02:36:41.381660,112.0,22.1,101.8,99.9
2026-01-22T02:37:41.798817,120.0,21.9,101.7,99.9
2026-01-22T02:38:42.217133,128.0,21.6,101.6,99.9
2026-01-22T02:39:42.637783,120.0,21.3,101.7,99.9
2026-01-22T02:40:43.057090,128.0,21.1,101.6,99.9
2026-01-22T02:41:43.487889,136.0,20.9,101.4,99.9
2026-01-22T02:42:43.904812,128.0,20.7,101.6,99.9
2026-01-22T02:43:44.334857,128.0,20.5,101.5,99.9
2026-01-22T02:44:44.754639,128.0,20.4,102.0,99.9
2026-01-22T02:45:45.172913,128.0,20.4,101.8,99.9
2026-01-22T02:46:45.612702,120.0,20.7,101.5,99.9
2026-01-22T02:47:46.031137,120.0,21.2,101.6,99.9
2026-01-22T02:48:46.450942,136.0,21.4,101.4,99.9
2026-01-22T02:49:46.872032,120.0,21.7,101.1,99.9
2026-01-22T02:50:47.306770,136.0,21.9,101.1,99.9
2026-01-22T02:51:47.727754,120.0,22.1,101.4,99.9
2026-01-22T02:52:48.156398,136.0,22.3,101.5,99.9
2026-01-22T02:53:48.612671,128.0,22.4,101.2,99.9
2026-01-22T02:54:49.035080,128.0,22.3,101.4,99.9
2026-01-22T02:55:49.454960,128.0,22.2,101.2,99.9
2026-01-22T02:56:49.872679,120.0,22.0,101.0,99.9
2026-01-22T02:57:50.289482,128.0,21.7,100.9,99.9
2026-01-22T02:58:50.708294,136.0,21.4,100.8,99.9
2026-01-22T02:59:51.126409,128.0,21.2,101.1,99.9
2026-01-22T03:00:51.546294,120.0,21.0,101.3,99.9
2026-01-22T03:01:51.965376,120.0,20.7,101.2,99.9
2026-01-22T03:02:52.386275,128.0,20.5,101.2,99.9
2026-01-22T03:03:52.808193,128.0,20.4,101.2,99.9
2026-01-22T03:04:53.228695,120.0,20.4,101.0,99.9
2026-01-22T03:05:53.651183,120.0,20.5,101.0,99.9
2026-01-22T03:06:54.084052,136.0,20.9,101.3,99.9
2026-01-22T03:07:54.504645,136.0,21.1,101.3,99.9
2026-01-22T03:08:54.949641,128.0,21.4,101.3,99.9
2026-01-22T03:09:55.369471,128.0,21.8,101.2,99.9
2026-01-22T03:10:55.802835,128.0,22.0,101.4,99.9
2026-01-22T03:11:56.240367,128.0,22.2,101.5,99.9
2026-01-22T03:12:56.664637,136.0,22.3,101.3,99.9
2026-01-22T03:13:57.085154,120.0,22.4,101.1,99.9
2026-01-22T03:14:57.505783,120.0,22.2,101.2,99.9
2026-01-22T03:15:57.929912,136.0,22.1,101.3,99.9
2026-01-22T03:16:58.367826,120.0,21.8,101.2,99.9
2026-01-22T03:17:58.787147,120.0,21.6,101.2,99.9
2026-01-22T03:18:59.206057,128.0,21.3,101.3,99.9
2026-01-22T03:19:59.637485,128.0,21.0,101.2,99.9
2026-01-22T03:21:00.057585,128.0,20.8,101.1,99.9
2026-01-22T03:22:00.479844,120.0,20.6,101.1,99.9
2026-01-22T03:23:00.903053,120.0,20.4,101.0,99.9
2026-01-22T03:24:01.322433,128.0,20.3,101.0,99.9
2026-01-22T03:25:01.743600,120.0,20.4,101.3,99.9
2026-01-22T03:26:02.183139,120.0,20.7,101.6,99.9
2026-01-22T03:27:02.601490,120.0,21.1,101.6,99.9
2026-01-22T03:28:03.026535,128.0,21.3,101.3,99.9
2026-01-22T03:29:03.453605,136.0,21.7,101.1,99.9
2026-01-22T03:30:03.873931,128.0,22.0,101.0,99.9
2026-01-22T03:31:04.295624,128.0,22.0,101.0,99.9
2026-01-22T03:32:04.717773,120.0,22.3,101.1,99.9
2026-01-22T03:33:05.136333,120.0,22.4,101.2,99.9
2026-01-22T03:34:05.559883,128.0,22.3,101.3,99.9
2026-01-22T03:35:05.990979,136.0,22.2,101.3,99.9
2026-01-22T03:36:06.412967,128.0,21.9,101.4,99.9
2026-01-22T03:37:06.855906,136.0,21.6,101.2,99.9
2026-01-22T03:38:07.281712,128.0,21.3,101.4,99.9
2026-01-22T03:39:07.706978,136.0,21.1,101.3,99.9
2026-01-22T03:40:08.136373,144.0,20.8,101.6,99.9
2026-01-22T03:41:08.555159,128.0,20.6,101.5,99.9
2026-01-22T03:42:08.977398,128.0,20.4,101.3,99.9
2026-01-22T03:43:09.398046,128.0,20.4,101.2,99.9
2026-01-22T03:44:09.818594,120.0,20.3,101.5,99.9
2026-01-22T03:45:10.238869,120.0,20.5,101.2,99.9
2026-01-22T03:46:10.659536,128.0,20.9,101.1,99.9
2026-01-22T03:47:11.081234,104.0,21.3,101.0,99.9
2026-01-22T03:48:11.524628,120.0,21.7,101.1,99.9
2026-01-22T03:49:11.958255,136.0,21.9,101.0,99.9
2026-01-22T03:50:12.379567,128.0,22.2,101.2,99.9
2026-01-22T03:51:12.804929,128.0,22.3,101.6,99.9
2026-01-22T03:52:13.226655,136.0,22.3,101.8,99.9
2026-01-22T03:53:13.647805,120.0,22.4,101.7,99.9
2026-01-22T03:54:14.067434,120.0,22.3,101.7,99.9
2026-01-22T03:55:14.495671,136.0,22.0,101.9,99.9
2026-01-22T03:56:14.937514,128.0,21.7,101.7,99.9
2026-01-22T03:57:15.357938,136.0,21.5,101.6,99.9
2026-01-22T03:58:15.777721,128.0,21.2,101.2,99.9
2026-01-22T03:59:16.199459,120.0,21.0,101.5,99.9
2026-01-22T04:00:16.619742,120.0,20.8,101.0,99.9
2026-01-22T04:01:17.041210,128.0,20.6,100.7,99.9
2026-01-22T04:02:17.461441,128.0,20.4,100.8,99.9
2026-01-22T04:03:17.880906,120.0,20.3,100.6,99.9
2026-01-22T04:04:18.323501,136.0,20.4,100.7,99.9
2026-01-22T04:05:18.759708,120.0,20.7,100.6,99.9
2026-01-22T04:06:19.182061,128.0,21.2,100.7,99.9
2026-01-22T04:07:19.603184,128.0,21.4,100.9,99.9
2026-01-22T04:08:20.030070,128.0,21.8,100.4,99.9
2026-01-22T04:09:20.450483,128.0,22.0,100.3,99.9
2026-01-22T04:10:20.871478,120.0,22.2,100.7,99.9
2026-01-22T04:11:21.292299,128.0,22.3,100.7,99.9
2026-01-22T04:12:21.724985,128.0,22.5,100.8,99.9
2026-01-22T04:13:22.146471,128.0,22.2,101.0,99.9
2026-01-22T04:14:22.567391,120.0,22.0,101.1,99.9
2026-01-22T04:15:22.987007,120.0,21.8,100.9,99.9
2026-01-22T04:16:23.406496,120.0,21.5,100.8,99.9
2026-01-22T04:17:23.829575,120.0,21.2,101.1,99.9
2026-01-22T04:18:24.252606,120.0,21.0,101.2,99.9
2026-01-22T04:19:24.673948,128.0,20.8,101.0,99.9
2026-01-22T04:20:25.106844,136.0,20.6,100.9,99.9
2026-01-22T04:21:25.529029,136.0,20.4,101.0,99.9
2026-01-22T04:22:25.948599,128.0,20.3,100.9,99.9
2026-01-22T04:23:26.373534,136.0,20.4,100.3,99.9
2026-01-22T04:24:26.794308,128.0,20.6,100.5,99.9
2026-01-22T04:25:27.215621,120.0,21.0,100.7,100.0
2026-01-22T04:26:27.636314,120.0,21.4,100.6,99.9
2026-01-22T04:27:28.083670,120.0,21.7,100.7,99.9
2026-01-22T04:28:28.506057,120.0,22.0,100.9,99.9
2026-01-22T04:29:28.926141,120.0,22.2,100.3,99.9
2026-01-22T04:30:29.349501,128.0,22.3,100.3,99.9
2026-01-22T04:31:29.769816,128.0,22.4,100.1,99.9
2026-01-22T04:32:30.192701,128.0,22.3,100.3,99.9
2026-01-22T04:33:30.621098,128.0,22.1,101.5,99.9
2026-01-22T04:34:31.044073,120.0,21.9,101.8,99.9
2026-01-22T04:35:31.492880,120.0,21.6,102.3,99.9
2026-01-22T04:36:31.915841,120.0,21.3,100.9,99.9
2026-01-22T04:37:32.336609,120.0,21.1,100.9,99.9
2026-01-22T04:38:32.758434,120.0,20.8,101.0,99.9
2026-01-22T04:39:33.180671,120.0,20.6,101.0,99.9
2026-01-22T04:40:33.600878,120.0,20.4,100.9,99.9
2026-01-22T04:41:34.022258,128.0,20.3,100.5,99.9
2026-01-22T04:42:34.444006,120.0,20.3,100.9,99.9
2026-01-22T04:43:34.889781,120.0,20.3,101.0,99.9
2026-01-22T04:44:35.310032,128.0,20.8,100.6,99.9
2026-01-22T04:45:35.734249,120.0,21.2,100.3,99.9
2026-01-22T04:46:36.158840,120.0,21.5,100.4,100.0
2026-01-22T04:47:36.580784,128.0,21.8,100.4,99.9
2026-01-22T04:48:37.020663,136.0,22.0,100.4,99.9
2026-01-22T04:49:37.445786,136.0,22.2,100.4,99.9
2026-01-22T04:50:37.899993,136.0,22.3,100.4,100.0
2026-01-22T04:51:38.324625,128.0,22.3,100.7,99.9
2026-01-22T04:52:38.746562,128.0,22.1,100.8,99.9
2026-01-22T04:53:39.169870,120.0,21.9,100.7,99.9
2026-01-22T04:54:39.593388,120.0,21.7,100.9,99.9
2026-01-22T04:55:40.018751,128.0,21.4,100.7,99.9
2026-01-22T04:56:40.442520,112.0,21.2,100.7,99.9
2026-01-22T04:57:40.867768,120.0,21.0,100.4,99.9
2026-01-22T04:58:41.291883,128.0,20.7,100.3,99.9
2026-01-22T04:59:41.716262,120.0,20.5,100.1,99.9
2026-01-22T05:00:42.140990,120.0,20.3,100.0,99.9
2026-01-22T05:01:42.568016,120.0,20.3,99.8,99.9
2026-01-22T05:02:42.991894,120.0,20.4,100.2,99.9
2026-01-22T05:03:43.416896,120.0,20.7,99.6,99.9
2026-01-22T05:04:43.846092,120.0,21.0,99.4,99.9
2026-01-22T05:05:44.290152,128.0,21.4,100.2,99.9
2026-01-22T05:06:44.727626,128.0,21.6,100.4,99.9
2026-01-22T05:07:45.157666,128.0,21.8,100.8,99.9
2026-01-22T05:08:45.582925,128.0,22.0,100.8,99.9
2026-01-22T05:09:46.007827,128.0,22.2,101.0,99.9
2026-01-22T05:10:46.431921,120.0,22.3,101.0,99.9
2026-01-22T05:11:46.855493,120.0,22.2,100.9,99.9
2026-01-22T05:12:47.298395,120.0,22.1,101.0,99.9
2026-01-22T05:13:47.726970,120.0,21.8,101.1,99.9
2026-01-22T05:14:48.149993,120.0,21.6,101.1,99.9
2026-01-22T05:15:48.575448,120.0,21.3,101.7,99.9
2026-01-22T05:16:48.998930,120.0,21.1,100.5,99.9
2026-01-22T05:17:49.423544,128.0,20.8,100.4,99.9
2026-01-22T05:18:49.847028,128.0,20.6,99.9,99.9
2026-01-22T05:19:50.295756,128.0,20.4,99.9,99.9
2026-01-22T05:20:50.722895,128.0,20.3,100.2,99.9
2026-01-22T05:21:51.148206,120.0,20.3,99.8,99.9
2026-01-22T05:22:51.573554,128.0,20.4,99.8,99.9
2026-01-22T05:23:52.000207,128.0,20.8,99.8,100.0
2026-01-22T05:24:52.423433,128.0,21.2,100.1,99.9
2026-01-22T05:25:52.847065,128.0,21.6,100.1,99.9
2026-01-22T05:26:53.291137,120.0,21.8,100.1,99.9
2026-01-22T05:27:53.720894,128.0,22.0,100.2,99.9
2026-01-22T05:28:54.148325,120.0,22.2,100.3,99.9
2026-01-22T05:29:54.576822,120.0,22.3,100.6,99.9
2026-01-22T05:30:54.999015,120.0,22.2,100.8,99.9
2026-01-22T05:31:55.423672,120.0,22.1,100.3,99.9
2026-01-22T05:32:55.847191,128.0,21.9,100.2,99.9
2026-01-22T05:33:56.293937,128.0,21.6,100.3,99.9
2026-01-22T05:34:56.718806,120.0,21.4,100.2,99.9
2026-01-22T05:35:57.142058,120.0,21.2,100.1,99.9
2026-01-22T05:36:57.567066,128.0,20.9,100.2,99.9
2026-01-22T05:37:57.991070,128.0,20.7,100.2,99.9
2026-01-22T05:38:58.418070,120.0,20.5,100.4,99.9
2026-01-22T05:39:58.858460,136.0,20.3,100.5,99.9
2026-01-22T05:40:59.283724,120.0,20.2,100.5,99.9
2026-01-22T05:41:59.707261,128.0,20.3,100.6,99.9
2026-01-22T05:43:00.132040,120.0,20.6,100.8,99.9
2026-01-22T05:44:00.555526,120.0,21.1,100.5,99.9
2026-01-22T05:45:00.980600,128.0,21.3,100.1,99.9
2026-01-22T05:46:01.405493,120.0,21.8,99.9,99.9
2026-01-22T05:47:01.831945,120.0,22.0,100.2,99.9
2026-01-22T05:48:02.256286,120.0,22.1,100.0,99.9
2026-01-22T05:49:02.682078,128.0,22.3,100.4,99.9
2026-01-22T05:50:03.107116,120.0,22.4,100.9,99.9
2026-01-22T05:51:03.531236,120.0,22.2,100.8,99.9
2026-01-22T05:52:03.957877,120.0,22.1,100.8,99.9
2026-01-22T05:53:04.384818,120.0,21.8,100.9,99.9
2026-01-22T05:54:04.810854,128.0,21.5,100.8,99.9
2026-01-22T05:55:05.237276,120.0,21.3,100.8,99.9
2026-01-22T05:56:05.663620,120.0,21.0,100.6,100.0
2026-01-22T05:57:06.088861,128.0,20.8,100.5,100.0
2026-01-22T05:58:06.513407,128.0,20.6,100.6,99.9
2026-01-22T05:59:06.939241,128.0,20.3,100.7,99.9
2026-01-22T06:00:07.368325,128.0,20.2,100.5,99.9
2026-01-22T06:01:07.792440,128.0,20.2,100.2,99.9
2026-01-22T06:02:08.218664,120.0,20.5,100.1,99.9
2026-01-22T06:03:08.665356,120.0,21.0,100.2,100.0
2026-01-22T06:04:09.094925,128.0,21.4,99.9,99.9
2026-01-22T06:05:09.520539,120.0,21.5,100.1,99.9
2026-01-22T06:06:09.945374,128.0,21.8,100.1,99.9
2026-01-22T06:07:10.372078,136.0,22.0,99.9,99.9
2026-01-22T06:08:10.796263,120.0,22.2,99.6,99.9
2026-01-22T06:09:11.223430,120.0,22.4,99.9,99.9
2026-01-22T06:10:11.666911,120.0,22.3,100.0,99.9
2026-01-22T06:11:12.092587,120.0,22.1,101.7,99.9
2026-01-22T06:12:12.518978,128.0,21.9,101.3,99.9
2026-01-22T06:13:12.944995,120.0,21.6,101.5,99.9
2026-01-22T06:14:13.369500,128.0,21.3,101.6,99.9
2026-01-22T06:15:13.796809,128.0,21.1,101.2,99.9
2026-01-22T06:16:14.222468,120.0,20.9,101.6,99.9
2026-01-22T06:17:14.668791,128.0,20.6,101.7,99.9
2026-01-22T06:18:15.096084,120.0,20.4,101.4,99.9
2026-01-22T06:19:15.522256,120.0,20.3,100.9,99.9
2026-01-22T06:20:15.948020,128.0,20.3,101.0,99.9
2026-01-22T06:21:16.373744,128.0,20.5,101.2,99.9
2026-01-22T06:22:16.798856,120.0,20.9,100.8,99.9
2026-01-22T06:23:17.225865,120.0,21.2,101.1,99.9
2026-01-22T06:24:17.672573,120.0,21.6,101.4,99.9
2026-01-22T06:25:18.097454,120.0,21.9,101.7,99.9
2026-01-22T06:26:18.523600,120.0,22.1,101.6,99.9
2026-01-22T06:27:18.948820,128.0,22.3,101.6,99.9
2026-01-22T06:28:19.375748,128.0,22.3,101.7,99.9
2026-01-22T06:29:19.800558,120.0,22.4,101.7,99.9
2026-01-22T06:30:20.225731,120.0,22.2,101.8,99.9
2026-01-22T06:31:20.651411,128.0,22.0,101.9,99.9
2026-01-22T06:32:21.076209,128.0,21.7,101.4,99.9
2026-01-22T06:33:21.508047,128.0,21.5,101.2,99.9
2026-01-22T06:34:21.940439,120.0,21.2,101.4,99.9
2026-01-22T06:35:22.366499,120.0,21.0,101.8,99.9
2026-01-22T06:36:22.801594,128.0,20.8,101.6,99.9
2026-01-22T06:37:23.230292,120.0,20.5,101.7,99.9
2026-01-22T06:38:23.654483,120.0,20.3,101.6,99.9
2026-01-22T06:39:24.083033,120.0,20.2,101.7,99.9
2026-01-22T06:40:24.510696,120.0,20.4,101.9,99.9
2026-01-22T06:41:24.937771,128.0,20.7,101.8,99.9
2026-01-22T06:42:25.365015,120.0,21.0,101.9,99.9
2026-01-22T06:43:25.790686,128.0,21.3,101.7,99.9
2026-01-22T06:44:26.221658,128.0,21.7,101.3,99.9
2026-01-22T06:45:26.651137,128.0,21.9,101.4,100.0
2026-01-22T06:46:27.078138,120.0,22.2,102.0,99.9
2026-01-22T06:47:27.507679,120.0,22.3,102.0,99.9
2026-01-22T06:48:27.933861,128.0,22.4,102.1,100.0
2026-01-22T06:49:28.359446,120.0,22.3,101.9,99.9
2026-01-22T06:50:28.785560,120.0,22.2,101.8,99.9
2026-01-22T06:51:29.211811,128.0,21.9,101.8,99.9
2026-01-22T06:52:29.644757,120.0,21.6,101.7,99.9
2026-01-22T06:53:30.104849,120.0,21.3,101.7,99.9
2026-01-22T06:54:30.532050,120.0,21.1,101.8,99.9
2026-01-22T06:55:30.959136,128.0,20.9,101.8,99.9
2026-01-22T06:56:31.388021,120.0,20.6,102.4,99.9
2026-01-22T06:57:31.813062,120.0,20.4,101.9,99.9
2026-01-22T06:58:32.240019,120.0,20.3,101.8,99.9
2026-01-22T06:59:32.668823,120.0,20.2,101.6,99.9
2026-01-22T07:00:33.119707,128.0,20.4,101.8,99.9
2026-01-22T07:01:33.550796,120.0,20.7,101.2,99.9
2026-01-22T07:02:33.976906,120.0,21.1,101.1,99.9
2026-01-22T07:03:34.408810,120.0,21.3,101.2,99.9
2026-01-22T07:04:34.837992,120.0,21.7,101.2,99.9
2026-01-22T07:05:35.264026,120.0,21.9,101.0,99.9
2026-01-22T07:06:35.690252,120.0,22.1,100.7,99.9
2026-01-22T07:07:36.137915,128.0,22.2,100.9,99.9
2026-01-22T07:08:36.564887,120.0,22.1,101.2,99.9
2026-01-22T07:09:36.992829,128.0,22.0,101.6,99.9
2026-01-22T07:10:37.424112,128.0,21.9,101.7,99.9
2026-01-22T07:11:37.850857,120.0,21.6,101.9,100.0
2026-01-22T07:12:38.275396,120.0,21.4,101.9,99.9
2026-01-22T07:13:38.701572,120.0,21.1,101.7,99.9
2026-01-22T07:14:39.147743,120.0,20.9,101.7,99.9
2026-01-22T07:15:39.573449,128.0,20.7,101.7,99.9
2026-01-22T07:16:39.999651,128.0,20.4,101.8,99.9
2026-01-22T07:17:40.432017,120.0,20.3,101.6,99.9
2026-01-22T07:18:40.859669,120.0,20.2,101.7,99.9
2026-01-22T07:19:41.287767,120.0,20.4,101.7,99.9
2026-01-22T07:20:41.713977,120.0,20.7,101.6,99.9
2026-01-22T07:21:42.160806,128.0,21.0,101.6,99.9
2026-01-22T07:22:42.590207,120.0,21.3,101.5,99.9
2026-01-22T07:23:43.017390,128.0,21.6,101.7,99.9
2026-01-22T07:24:43.444866,136.0,21.8,101.4,99.9
2026-01-22T07:25:43.869246,120.0,22.0,101.6,99.9
2026-01-22T07:26:44.309254,120.0,22.2,101.5,99.9
2026-01-22T07:27:44.735463,128.0,22.3,101.4,99.9
2026-01-22T07:28:45.162120,120.0,22.2,101.2,99.9
2026-01-22T07:29:45.588591,120.0,22.0,100.8,99.9
2026-01-22T07:30:46.015819,120.0,21.8,100.8,99.9
2026-01-22T07:31:46.444248,120.0,21.6,100.9,99.9
2026-01-22T07:32:46.870582,120.0,21.3,100.8,99.9
2026-01-22T07:33:47.298844,120.0,21.0,101.0,99.9
2026-01-22T07:34:47.725321,120.0,20.8,100.7,99.9
2026-01-22T07:35:48.156647,120.0,20.6,102.1,99.9
2026-01-22T07:36:48.584975,128.0,20.3,102.2,99.9
2026-01-22T07:37:49.010990,120.0,20.2,102.4,99.9
2026-01-22T07:38:49.438372,120.0,20.2,102.9,99.9
2026-01-22T07:39:49.866654,128.0,20.3,101.6,99.9
2026-01-22T07:40:50.293679,120.0,20.7,99.9,99.9
2026-01-22T07:41:50.723495,128.0,21.1,100.0,99.9
2026-01-22T07:42:51.152942,128.0,21.4,100.1,99.9
2026-01-22T07:43:51.580620,120.0,21.6,100.0,99.9
2026-01-22T07:44:52.008775,120.0,21.9,100.2,99.9
2026-01-22T07:45:52.437461,120.0,22.1,100.2,99.9
2026-01-22T07:46:52.867368,128.0,22.3,100.2,99.9
2026-01-22T07:47:53.295905,120.0,22.3,100.3,99.9
2026-01-22T07:48:53.727454,120.0,22.1,100.1,99.9
2026-01-22T07:49:54.155893,128.0,21.9,100.3,99.9
2026-01-22T07:50:54.602807,136.0,21.7,100.2,99.9
2026-01-22T07:51:55.029632,128.0,21.4,100.3,99.9
2026-01-22T07:52:55.460934,128.0,21.2,100.1,99.9
2026-01-22T07:53:55.887181,128.0,21.0,100.3,99.9
2026-01-22T07:54:56.317435,120.0,20.7,100.3,99.9
2026-01-22T07:55:56.746450,120.0,20.5,100.2,99.9
2026-01-22T07:56:57.175097,128.0,20.3,100.2,99.9
2026-01-22T07:57:57.622190,128.0,20.2,100.0,99.9
2026-01-22T07:58:58.050489,128.0,20.3,99.8,99.9
2026-01-22T07:59:58.478711,120.0,20.6,100.0,99.9
2026-01-22T08:00:58.909747,120.0,21.0,99.9,99.9
2026-01-22T08:01:59.337566,120.0,21.4,100.0,99.9
2026-01-22T08:02:59.765237,120.0,21.6,100.0,99.9
2026-01-22T08:04:00.192035,128.0,21.8,99.8,99.9
2026-01-22T08:05:00.639538,120.0,22.1,101.0,99.9
2026-01-22T08:06:01.070722,120.0,22.3,101.1,99.9
2026-01-22T08:07:01.500852,120.0,22.2,101.4,99.9
2026-01-22T08:08:01.932855,120.0,22.2,101.1,99.9
2026-01-22T08:09:02.361861,120.0,22.0,101.5,99.9
2026-01-22T08:10:02.789540,120.0,21.7,101.5,99.9
2026-01-22T08:11:03.219188,128.0,21.5,101.3,99.9
2026-01-22T08:12:03.669199,120.0,21.2,101.3,99.9
2026-01-22T08:13:04.099976,120.0,21.0,101.2,99.9
2026-01-22T08:14:04.518000,128.0,20.7,101.4,99.9
2026-01-22T08:15:04.934701,128.0,20.5,101.0,99.9
2026-01-22T08:16:05.351888,120.0,20.3,100.9,99.9
2026-01-22T08:17:05.766119,120.0,20.2,100.9,99.9
2026-01-22T08:18:06.181785,120.0,20.2,101.0,99.9
2026-01-22T08:19:06.608094,120.0,20.4,101.0,99.9
2026-01-22T08:20:07.024152,120.0,20.7,101.2,99.9
2026-01-22T08:21:07.440075,120.0,21.1,101.5,99.9
2026-01-22T08:22:07.857110,128.0,21.4,101.1,99.9
2026-01-22T08:23:08.277686,120.0,21.6,101.1,99.9
2026-01-22T08:24:08.692764,120.0,21.9,101.2,99.9
2026-01-22T08:25:09.109074,120.0,22.2,101.1,99.9
2026-01-22T08:26:09.524240,120.0,22.3,100.8,99.9
2026-01-22T08:27:09.963685,128.0,22.3,101.1,99.9
2026-01-22T08:28:10.381793,120.0,22.1,101.1,99.9
2026-01-22T08:29:10.800005,128.0,21.9,101.1,99.9
2026-01-22T08:30:11.216677,120.0,21.6,101.3,99.9
2026-01-22T08:31:11.635815,128.0,21.4,101.2,99.9
2026-01-22T08:32:12.055055,120.0,21.1,101.2,99.9
2026-01-22T08:33:12.471921,128.0,20.9,101.0,99.9
2026-01-22T08:34:12.889384,120.0,20.6,100.9,99.9
2026-01-22T08:35:13.305432,120.0,20.4,100.7,99.9
2026-01-22T08:36:13.727530,120.0,20.2,100.5,99.9
2026-01-22T08:37:14.143814,128.0,20.2,100.5,99.9
2026-01-22T08:38:14.562507,120.0,20.3,100.4,99.9
2026-01-22T08:39:14.978874,120.0,20.6,100.3,99.9
2026-01-22T08:40:15.395575,128.0,21.0,100.5,99.9
2026-01-22T08:41:15.810846,120.0,21.3,100.6,99.9
2026-01-22T08:42:16.248777,120.0,21.6,100.5,99.9
2026-01-22T08:43:16.670446,120.0,21.9,100.6,99.9
2026-01-22T08:44:17.086656,120.0,22.1,100.4,99.9
2026-01-22T08:45:17.502472,136.0,22.2,100.5,99.9
2026-01-22T08:46:17.922715,128.0,22.3,100.4,99.9
2026-01-22T08:47:18.338417,120.0,22.2,100.5,99.9
2026-01-22T08:48:18.758330,120.0,22.0,100.8,99.9
2026-01-22T08:49:19.175193,120.0,21.7,101.0,99.8
2026-01-22T08:50:19.594916,120.0,21.4,100.9,99.9
2026-01-22T08:51:20.010377,120.0,21.2,100.8,99.9
2026-01-22T08:52:20.426321,120.0,20.9,101.0,99.9
2026-01-22T08:53:20.842469,120.0,20.7,101.0,99.9
2026-01-22T08:54:21.260853,120.0,20.5,100.9,99.9
2026-01-22T08:55:21.678350,120.0,20.3,100.7,99.9
2026-01-22T08:56:22.095958,120.0,20.2,100.6,99.9
2026-01-22T08:57:22.532600,120.0,20.2,100.5,99.9
2026-01-22T08:58:22.950819,120.0,20.6,100.5,99.9
2026-01-22T08:59:23.368037,120.0,20.9,100.4,99.9
2026-01-22T09:00:23.784393,128.0,21.2,100.3,99.9
2026-01-22T09:01:24.199650,136.0,21.5,100.3,99.9
2026-01-22T09:02:24.617908,120.0,21.8,100.2,100.0
2026-01-22T09:03:25.034421,120.0,21.9,100.1,99.9
2026-01-22T09:04:25.451415,128.0,22.2,100.1,99.9
2026-01-22T09:05:25.869815,120.0,22.3,100.1,99.9
2026-01-22T09:06:26.286453,128.0,22.2,100.3,99.9
2026-01-22T09:07:26.702964,128.0,22.0,100.6,99.9
2026-01-22T09:08:27.119617,120.0,21.8,100.5,99.9
2026-01-22T09:09:27.536711,120.0,21.5,100.5,99.9
2026-01-22T09:10:27.959020,128.0,21.3,100.5,99.9
2026-01-22T09:11:28.377009,128.0,21.0,100.5,99.9
2026-01-22T09:12:28.814835,120.0,20.8,100.4,99.9
2026-01-22T09:13:29.229972,120.0,20.6,100.2,99.9
2026-01-22T09:14:29.645899,120.0,20.4,100.1,99.9
2026-01-22T09:15:30.063437,120.0,20.2,100.2,99.9
2026-01-22T09:16:30.479067,120.0,20.2,100.1,99.9
2026-01-22T09:17:30.896652,120.0,20.4,99.3,99.9
2026-01-22T09:18:31.313956,120.0,20.7,99.5,99.9
2026-01-22T09:19:31.735048,120.0,21.1,100.7,99.9
2026-01-22T09:20:32.152230,120.0,21.4,100.9,99.9
2026-01-22T09:21:32.569826,128.0,21.8,100.5,99.9
2026-01-22T09:22:32.987759,120.0,21.9,100.6,99.9
2026-01-22T09:23:33.403187,120.0,22.2,100.9,99.9
2026-01-22T09:24:33.820872,120.0,22.3,100.9,99.9
2026-01-22T09:25:34.239463,120.0,22.2,101.1,99.9
2026-01-22T09:26:34.657065,128.0,22.1,101.2,99.9
2026-01-22T09:27:35.096675,120.0,22.0,101.2,99.9
2026-01-22T09:28:35.514884,120.0,21.7,101.3,99.9
2026-01-22T09:29:35.931799,120.0,21.5,101.7,99.9
2026-01-22T09:30:36.351002,112.0,21.2,102.3,99.9
2026-01-22T09:31:36.770676,128.0,21.0,100.8,99.9
2026-01-22T09:32:37.193565,120.0,20.7,100.9,99.9
2026-01-22T09:33:37.611057,120.0,20.5,101.1,99.9
2026-01-22T09:34:38.028735,120.0,20.3,101.0,99.9
2026-01-22T09:35:38.446668,120.0,20.3,100.7,99.9
2026-01-22T09:36:38.863456,128.0,20.4,100.8,99.9
2026-01-22T09:37:39.279825,120.0,20.6,100.9,99.9
2026-01-22T09:38:39.697691,128.0,21.0,100.7,99.9
2026-01-22T09:39:40.117426,120.0,21.3,101.1,99.9
2026-01-22T09:40:40.536229,120.0,21.6,100.9,99.9
2026-01-22T09:41:40.952920,128.0,21.9,100.9,99.9
2026-01-22T09:42:41.392963,120.0,22.1,101.1,99.9
2026-01-22T09:43:41.814030,128.0,22.3,100.9,99.9
2026-01-22T09:44:42.231730,128.0,22.3,101.5,99.9
2026-01-22T09:45:42.650240,120.0,22.2,101.5,99.9
2026-01-22T09:46:43.068639,120.0,22.0,101.4,99.9
2026-01-22T09:47:43.485697,120.0,21.7,101.2,99.9
2026-01-22T09:48:43.903917,120.0,21.5,101.4,99.9
2026-01-22T09:49:44.321710,128.0,21.2,101.2,99.9
2026-01-22T09:50:44.742285,120.0,21.0,101.1,99.9
2026-01-22T09:51:45.171822,128.0,20.8,101.2,100.0
2026-01-22T09:52:45.592176,120.0,20.5,101.0,99.9
2026-01-22T09:53:46.012110,128.0,20.3,100.9,99.9
2026-01-22T09:54:46.431966,120.0,20.2,101.0,99.9
2026-01-22T09:55:46.848063,120.0,20.3,101.2,99.9
2026-01-22T09:56:47.265933,120.0,20.6,101.2,99.9
2026-01-22T09:57:47.707623,120.0,21.0,101.1,99.9
2026-01-22T09:58:48.126008,120.0,21.3,101.2,99.9
2026-01-22T09:59:48.544934,120.0,21.6,101.2,99.9
2026-01-22T10:00:48.965036,120.0,21.9,101.6,99.9
2026-01-22T10:01:49.381747,120.0,22.0,102.3,99.9
2026-01-22T10:02:49.800016,128.0,22.2,102.5,99.9
2026-01-22T10:03:50.217591,128.0,22.3,101.8,99.9
2026-01-22T10:04:50.638845,136.0,22.2,101.5,99.9
2026-01-22T10:05:51.055585,120.0,22.0,101.5,99.9
2026-01-22T10:06:51.475027,120.0,21.8,101.7,99.9
2026-01-22T10:07:51.894080,120.0,21.6,101.1,99.9
2026-01-22T10:08:52.311659,120.0,21.3,100.9,99.9
2026-01-22T10:09:52.733529,120.0,21.1,100.8,99.9
2026-01-22T10:10:53.154715,120.0,20.8,100.9,99.9
2026-01-22T10:11:53.571990,128.0,20.6,100.5,99.9
2026-01-22T10:12:54.009172,120.0,20.4,100.3,99.9
2026-01-22T10:13:54.429609,120.0,20.2,100.4,99.9
2026-01-22T10:14:54.846320,120.0,20.1,100.3,99.9
2026-01-22T10:15:55.265794,120.0,20.4,100.4,99.9
2026-01-22T10:16:55.685661,120.0,20.8,100.4,99.9
2026-01-22T10:17:56.105963,120.0,20.9,100.5,99.9
2026-01-22T10:18:56.525625,120.0,21.0,100.6,99.9
2026-01-22T10:19:56.965334,120.0,21.3,100.5,99.9
2026-01-22T10:20:57.386501,120.0,21.5,100.3,99.9
2026-01-22T10:21:57.806280,120.0,21.7,100.4,99.9
2026-01-22T10:22:58.225473,120.0,21.7,100.5,99.9
2026-01-22T10:23:58.644924,128.0,21.9,100.5,99.9
2026-01-22T10:24:59.066657,128.0,21.9,100.8,99.9
2026-01-22T10:25:59.484815,128.0,21.7,100.8,99.9
2026-01-22T10:26:59.903431,128.0,21.4,100.5,99.9
2026-01-22T10:28:00.321801,144.0,21.1,100.3,99.9
2026-01-22T10:29:00.742970,128.0,20.9,100.7,99.9
2026-01-22T10:30:01.160695,120.0,20.6,100.8,99.9
2026-01-22T10:31:01.577571,120.0,20.5,100.9,99.9
2026-01-22T10:32:01.996996,120.0,20.2,101.1,99.9
2026-01-22T10:33:02.417624,120.0,20.0,101.3,99.9
2026-01-22T10:34:02.838006,128.0,19.9,101.5,99.9
2026-01-22T10:35:03.277777,120.0,20.0,101.3,99.9
2026-01-22T10:36:03.696865,120.0,20.3,101.4,99.9
2026-01-22T10:37:04.115789,120.0,20.7,101.2,99.9
2026-01-22T10:38:04.535108,120.0,21.1,101.1,99.9
2026-01-22T10:39:04.957093,128.0,21.5,101.1,99.9
2026-01-22T10:40:05.375720,120.0,21.8,101.2,99.9
2026-01-22T10:41:05.794073,120.0,22.0,101.1,99.9
2026-01-22T10:42:06.232957,112.0,22.1,101.2,99.9
2026-01-22T10:43:06.655192,128.0,22.3,101.1,99.9
2026-01-22T10:44:07.077624,128.0,22.2,101.1,99.9
2026-01-22T10:45:07.507872,120.0,22.0,101.3,99.9
2026-01-22T10:46:07.925597,120.0,21.8,101.1,99.9
2026-01-22T10:47:08.344874,120.0,21.6,101.2,99.9
2026-01-22T10:48:08.762659,120.0,21.4,101.5,99.9
2026-01-22T10:49:09.202046,112.0,21.2,101.2,99.9
2026-01-22T10:50:09.622717,120.0,21.0,101.2,99.9
2026-01-22T10:51:10.045982,120.0,20.7,101.3,99.9
2026-01-22T10:52:10.466879,120.0,20.5,101.5,99.9
2026-01-22T10:53:10.885571,128.0,20.3,101.7,99.9
2026-01-22T10:54:11.304042,128.0,20.3,101.7,99.9
2026-01-22T10:55:11.728405,120.0,20.4,101.7,99.9
2026-01-22T10:56:12.171086,120.0,20.8,101.6,99.9
2026-01-22T10:57:12.589822,120.0,21.2,101.4,99.9
2026-01-22T10:58:13.005950,120.0,21.5,101.7,99.9
2026-01-22T10:59:13.425843,120.0,21.9,101.7,99.9
2026-01-22T11:00:13.864179,120.0,22.0,101.9,99.9
2026-01-22T11:01:14.283813,120.0,22.3,100.3,100.0
2026-01-22T11:02:14.701895,120.0,22.4,100.3,99.9
2026-01-22T11:03:15.124540,120.0,22.4,100.5,99.9
2026-01-22T11:04:15.569066,120.0,22.2,100.5,99.9
2026-01-22T11:05:15.989070,120.0,22.0,100.3,99.9
2026-01-22T11:06:16.408748,128.0,21.8,100.3,99.9
2026-01-22T11:07:16.829418,120.0,21.6,100.3,99.9
2026-01-22T11:08:17.249705,120.0,21.4,100.0,99.9
2026-01-22T11:09:17.670443,120.0,21.2,99.8,99.9
2026-01-22T11:10:18.090372,120.0,20.9,99.9,99.9
2026-01-22T11:11:18.529863,128.0,20.7,99.8,99.9
2026-01-22T11:12:18.949743,120.0,20.5,100.0,99.9
2026-01-22T11:13:19.370758,120.0,20.4,100.0,99.9
2026-01-22T11:14:19.790994,120.0,20.5,100.2,99.9
2026-01-22T11:15:20.210272,120.0,20.8,100.0,99.9
2026-01-22T11:16:20.630923,120.0,21.1,100.1,99.9
2026-01-22T11:17:21.054053,128.0,21.4,100.0,100.0
2026-01-22T11:18:21.493474,120.0,21.8,100.3,99.9
2026-01-22T11:19:21.914268,128.0,22.1,100.3,99.9
2026-01-22T11:20:22.333938,120.0,22.2,100.2,99.9
2026-01-22T11:21:22.752138,120.0,22.2,100.4,99.9
2026-01-22T11:22:23.171556,120.0,22.1,100.3,99.9
2026-01-22T11:23:23.591173,120.0,22.1,100.3,99.9
2026-01-22T11:24:24.009877,112.0,21.9,100.2,99.9
2026-01-22T11:25:24.428441,120.0,21.7,100.3,99.9
2026-01-22T11:26:24.848932,128.0,21.4,100.0,99.9
2026-01-22T11:27:25.270642,120.0,21.2,100.2,99.9
2026-01-22T11:28:25.702856,120.0,21.0,100.1,99.9
2026-01-22T11:29:26.126836,128.0,20.8,99.7,99.9
2026-01-22T11:30:26.547807,120.0,20.6,100.1,99.9
2026-01-22T11:31:26.967825,120.0,20.4,100.4,99.8
2026-01-22T11:32:27.388429,120.0,20.5,100.4,99.9
2026-01-22T11:33:27.808222,120.0,20.6,100.4,99.9
2026-01-22T11:34:28.230581,120.0,21.0,100.4,99.9
2026-01-22T11:35:28.651735,120.0,21.4,100.4,99.9
2026-01-22T11:36:29.072078,128.0,21.7,100.3,99.9
2026-01-22T11:37:29.491997,128.0,21.9,99.7,99.9
2026-01-22T11:38:29.915280,128.0,22.2,100.2,99.9
2026-01-22T11:39:30.335797,128.0,22.4,100.1,99.9
2026-01-22T11:40:30.778910,120.0,22.5,100.0,99.9
2026-01-22T11:41:31.199648,120.0,22.4,100.2,99.9
2026-01-22T11:42:31.620349,128.0,22.3,100.3,99.9
2026-01-22T11:43:32.041733,120.0,22.0,100.4,99.9
2026-01-22T11:44:32.466182,120.0,21.8,100.5,99.9
2026-01-22T11:45:32.887208,120.0,21.6,100.7,99.9
2026-01-22T11:46:33.310812,120.0,21.3,100.5,99.9
2026-01-22T11:47:33.751337,120.0,21.1,100.8,99.9
2026-01-22T11:48:34.172734,120.0,20.9,100.7,99.9
2026-01-22T11:49:34.592917,120.0,20.6,100.6,99.9
2026-01-22T11:50:35.016006,120.0,20.4,100.7,99.9
2026-01-22T11:51:35.438938,120.0,20.4,100.5,99.9
2026-01-22T11:52:35.860515,120.0,20.5,100.3,99.9
2026-01-22T11:53:36.282083,120.0,20.8,100.0,99.9
2026-01-22T11:54:36.729516,128.0,21.2,99.7,99.9
2026-01-22T11:55:37.150756,120.0,21.6,99.9,99.9
2026-01-22T11:56:37.573222,128.0,21.8,99.5,99.9
2026-01-22T11:57:37.994055,112.0,22.1,98.5,99.9
2026-01-22T11:58:38.415275,128.0,22.2,99.5,99.9
2026-01-22T11:59:38.835815,120.0,22.3,99.3,99.9
2026-01-22T12:00:39.258103,120.0,22.4,101.0,99.9
2026-01-22T12:01:39.678720,128.0,22.2,101.0,99.8
2026-01-22T12:02:40.103016,120.0,22.0,100.9,99.9
2026-01-22T12:03:40.547270,120.0,21.7,101.0,99.9
2026-01-22T12:04:40.967717,120.0,21.5,101.0,99.9
2026-01-22T12:05:41.386665,120.0,21.3,100.9,99.9
2026-01-22T12:06:41.808896,128.0,21.0,100.8,99.9
2026-01-22T12:07:42.229510,120.0,20.8,100.7,99.9
2026-01-22T12:08:42.650550,128.0,20.6,101.0,99.9
2026-01-22T12:09:43.070898,120.0,20.4,101.1,99.9
2026-01-22T12:10:43.493656,120.0,20.5,101.0,99.9
2026-01-22T12:11:43.912735,120.0,20.5,101.3,99.9
2026-01-22T12:12:44.332550,120.0,20.9,101.4,99.9
2026-01-22T12:13:44.753717,128.0,21.3,101.2,99.9
2026-01-22T12:14:45.175839,120.0,21.6,101.1,99.9
2026-01-22T12:15:45.596917,120.0,21.9,101.1,99.9
2026-01-22T12:16:46.039971,120.0,22.1,100.5,99.9
2026-01-22T12:17:46.460803,120.0,22.4,100.8,99.9
2026-01-22T12:18:46.883240,128.0,22.5,101.0,99.9
2026-01-22T12:19:47.303460,120.0,22.5,101.1,99.9
2026-01-22T12:20:47.727156,120.0,22.3,101.2,99.9
2026-01-22T12:21:48.148499,120.0,22.0,101.4,99.9
2026-01-22T12:22:48.568647,120.0,21.7,101.6,99.9
2026-01-22T12:23:49.011792,120.0,21.5,101.8,99.9
2026-01-22T12:24:49.433002,120.0,21.3,101.6,99.9
2026-01-22T12:25:49.852964,120.0,21.1,101.6,99.9
2026-01-22T12:26:50.277756,120.0,20.9,101.7,99.9
2026-01-22T12:27:50.699543,120.0,20.6,101.6,99.9
2026-01-22T12:28:51.122735,120.0,20.5,101.5,99.9
2026-01-22T12:29:51.545099,128.0,20.5,101.3,99.9
2026-01-22T12:30:51.965100,120.0,20.7,101.5,99.9
2026-01-22T12:31:52.386652,128.0,21.0,101.5,99.9
2026-01-22T12:32:52.808563,128.0,21.4,101.5,99.9
2026-01-22T12:33:53.230846,128.0,21.7,101.5,99.9
2026-01-22T12:34:53.653757,120.0,22.0,101.6,99.9
2026-01-22T12:35:54.074902,120.0,22.2,101.8,99.9
2026-01-22T12:36:54.495766,120.0,22.4,101.7,99.9
2026-01-22T12:37:54.916680,120.0,22.4,101.7,99.9
2026-01-22T12:38:55.338017,120.0,22.4,101.8,99.9
2026-01-22T12:39:55.759490,120.0,22.3,101.7,99.9
2026-01-22T12:40:56.180601,120.0,22.0,101.7,99.9
2026-01-22T12:41:56.602376,120.0,21.7,101.4,99.9
2026-01-22T12:42:57.024992,120.0,21.5,101.9,99.9
2026-01-22T12:43:57.446307,120.0,21.3,101.4,99.9
2026-01-22T12:44:57.866888,120.0,21.0,101.7,99.9
2026-01-22T12:45:58.309571,120.0,20.8,101.4,99.9
2026-01-22T12:46:58.731432,120.0,20.5,101.6,99.9
2026-01-22T12:47:59.152673,120.0,20.4,101.6,99.9
2026-01-22T12:48:59.574714,120.0,20.4,101.7,99.9
2026-01-22T12:49:59.995680,120.0,20.5,101.8,99.9
2026-01-22T12:51:00.415962,120.0,20.9,101.7,99.9
2026-01-22T12:52:00.840882,120.0,21.3,101.7,99.9
2026-01-22T12:53:01.282783,136.0,21.7,101.7,99.9
2026-01-22T12:54:01.710544,128.0,22.0,101.7,99.9
2026-01-22T12:55:02.130738,128.0,22.2,101.7,99.9
2026-01-22T12:56:02.557593,128.0,22.4,101.8,99.9
2026-01-22T12:57:02.981203,120.0,22.5,101.9,99.9
2026-01-22T12:58:03.400411,120.0,22.5,102.1,99.9
2026-01-22T12:59:03.823819,128.0,22.4,101.9,99.9
2026-01-22T13:00:04.247426,128.0,22.1,102.1,99.9
2026-01-22T13:01:04.670360,120.0,21.9,102.5,99.9
2026-01-22T13:02:05.091715,120.0,21.6,102.4,99.9
2026-01-22T13:03:05.511947,128.0,21.4,102.2,100.0
2026-01-22T13:04:05.933822,120.0,21.1,101.9,99.9
2026-01-22T13:05:06.355265,128.0,20.9,101.9,99.9
2026-01-22T13:06:06.776863,120.0,20.7,101.7,99.9
2026-01-22T13:07:07.199285,120.0,20.5,101.7,99.9
2026-01-22T13:08:07.620995,120.0,20.4,101.8,99.9
2026-01-22T13:09:08.042905,120.0,20.5,101.7,99.9
2026-01-22T13:10:08.464741,120.0,20.9,101.6,99.9
2026-01-22T13:11:08.890214,120.0,21.3,101.1,99.9
2026-01-22T13:12:09.311406,128.0,21.6,101.1,99.9
2026-01-22T13:13:09.731601,120.0,21.9,101.2,99.9
2026-01-22T13:14:10.154158,120.0,22.2,101.0,99.9
2026-01-22T13:15:10.597461,128.0,22.3,101.1,99.9
2026-01-22T13:16:11.021608,120.0,22.4,101.1,99.9
2026-01-22T13:17:11.444044,120.0,22.3,101.2,99.9
2026-01-22T13:18:11.865779,128.0,22.2,101.3,100.0
2026-01-22T13:19:12.289796,120.0,22.0,101.2,99.9
2026-01-22T13:20:12.712509,120.0,21.8,101.2,99.9
2026-01-22T13:21:13.135676,120.0,21.5,101.4,99.9
2026-01-22T13:22:13.577065,128.0,21.3,101.1,99.9
2026-01-22T13:23:14.011151,120.0,21.0,101.2,99.9
2026-01-22T13:24:14.431981,120.0,20.8,101.3,99.9
2026-01-22T13:25:14.853056,128.0,20.6,101.2,99.9
2026-01-22T13:26:15.275336,120.0,20.4,101.3,99.9
2026-01-22T13:27:15.699854,120.0,20.4,101.4,99.9
2026-01-22T13:28:16.123865,120.0,20.6,101.3,99.9
2026-01-22T13:29:16.546271,128.0,21.0,101.0,99.9
2026-01-22T13:30:16.969646,120.0,21.2,101.0,99.9
2026-01-22T13:31:17.391459,128.0,21.5,101.2,99.9
2026-01-22T13:32:17.814223,120.0,21.8,101.2,99.9
2026-01-22T13:33:18.237973,128.0,22.1,101.0,99.9
2026-01-22T13:34:18.661023,128.0,22.4,101.0,99.9
2026-01-22T13:35:19.081293,120.0,22.5,101.0,99.9
2026-01-22T13:36:19.503886,128.0,22.5,101.0,99.9
2026-01-22T13:37:19.926240,128.0,22.3,101.1,99.9
2026-01-22T13:38:20.354030,120.0,22.1,101.1,99.9
2026-01-22T13:39:20.779783,120.0,21.9,101.1,99.9
2026-01-22T13:40:21.203435,120.0,21.6,101.2,99.9
2026-01-22T13:41:21.625175,120.0,21.4,101.6,99.9
2026-01-22T13:42:22.046073,128.0,21.1,102.0,99.9
2026-01-22T13:43:22.469580,128.0,20.9,102.1,99.9
2026-01-22T13:44:22.912846,120.0,20.7,102.0,99.9
2026-01-22T13:45:23.334732,120.0,20.5,101.9,99.9
2026-01-22T13:46:23.754979,128.0,20.4,101.6,99.9
2026-01-22T13:47:24.176887,120.0,20.5,101.6,99.9
2026-01-22T13:48:24.599689,120.0,20.7,101.6,99.9
2026-01-22T13:49:25.022609,120.0,21.1,101.2,99.9
2026-01-22T13:50:25.445766,128.0,21.4,101.6,99.9
2026-01-22T13:51:25.887066,120.0,21.8,101.2,99.9
2026-01-22T13:52:26.310883,120.0,22.1,101.0,99.9
2026-01-22T13:53:26.732810,136.0,22.3,101.2,99.9
2026-01-22T13:54:27.153995,120.0,22.4,101.1,99.9
2026-01-22T13:55:27.580496,120.0,22.4,101.2,99.9
2026-01-22T13:56:28.004418,112.0,22.3,101.1,99.9
2026-01-22T13:57:28.428256,120.0,22.1,101.6,99.9
2026-01-22T13:58:28.850273,128.0,21.8,101.9,99.9
2026-01-22T13:59:29.274039,120.0,21.5,101.6,99.9
2026-01-22T14:00:29.697039,120.0,21.3,100.9,99.9
2026-01-22T14:01:30.118486,120.0,21.1,100.9,100.0
2026-01-22T14:02:30.540348,120.0,20.9,100.9,100.0
2026-01-22T14:03:30.963009,120.0,20.7,100.8,99.9
2026-01-22T14:04:31.386791,120.0,20.4,100.9,99.9
2026-01-22T14:05:31.810471,120.0,20.4,101.1,99.9
2026-01-22T14:06:32.232592,128.0,20.5,101.6,99.9
2026-01-22T14:07:32.657430,120.0,20.9,101.6,99.9
2026-01-22T14:08:33.079906,128.0,21.2,101.7,99.9
2026-01-22T14:09:33.505025,128.0,21.6,101.8,99.9
2026-01-22T14:10:33.927873,120.0,21.8,101.6,99.9
2026-01-22T14:11:34.350609,128.0,22.1,101.8,99.9
2026-01-22T14:12:34.772101,120.0,22.2,101.7,99.9
2026-01-22T14:13:35.218089,120.0,22.3,101.7,99.9
2026-01-22T14:14:35.641014,120.0,22.3,101.6,99.9
2026-01-22T14:15:36.066545,120.0,22.2,101.7,99.9
2026-01-22T14:16:36.489484,128.0,22.0,102.0,99.9
2026-01-22T14:17:36.917116,120.0,21.7,101.9,99.9
2026-01-22T14:18:37.348091,120.0,21.5,101.9,99.9
2026-01-22T14:19:37.772557,120.0,21.3,101.7,99.9
2026-01-22T14:20:38.222177,128.0,21.1,101.6,99.9
2026-01-22T14:21:38.648725,120.0,20.8,101.5,99.9
2026-01-22T14:22:39.073184,128.0,20.6,101.4,100.0
2026-01-22T14:23:39.496881,120.0,20.4,101.4,99.9
2026-01-22T14:24:39.921863,120.0,20.4,101.2,99.9
2026-01-22T14:25:40.348380,120.0,20.7,101.4,99.9
2026-01-22T14:26:40.773973,120.0,21.0,101.6,99.9
2026-01-22T14:27:41.221580,120.0,21.3,101.7,99.9
2026-01-22T14:28:41.652186,120.0,21.6,102.2,99.9
2026-01-22T14:29:42.078230,120.0,22.0,102.1,99.9
2026-01-22T14:30:42.502770,120.0,22.3,101.9,99.9
2026-01-22T14:31:42.928096,120.0,22.5,101.8,99.9
2026-01-22T14:32:43.355510,120.0,22.6,101.8,99.9
2026-01-22T14:33:43.781043,128.0,22.6,101.7,99.9
2026-01-22T14:34:44.206809,128.0,22.4,101.8,99.9
2026-01-22T14:35:44.631013,120.0,22.1,101.6,99.9
2026-01-22T14:36:45.056791,128.0,21.9,101.7,99.9
2026-01-22T14:37:45.483508,120.0,21.6,101.8,99.9
2026-01-22T14:38:45.909184,120.0,21.4,102.0,99.9
2026-01-22T14:39:46.334893,128.0,21.2,101.9,99.9
2026-01-22T14:40:46.759686,120.0,20.9,101.8,99.9
2026-01-22T14:41:47.185556,120.0,20.7,101.7,99.9
2026-01-22T14:42:47.612881,120.0,20.4,101.7,99.9
2026-01-22T14:43:48.037604,128.0,20.5,101.4,99.9
2026-01-22T14:44:48.463220,128.0,20.6,101.5,99.9
2026-01-22T14:45:48.887433,128.0,20.9,101.6,99.9
2026-01-22T14:46:49.312823,120.0,21.3,101.2,99.9
2026-01-22T14:47:49.739574,120.0,21.6,101.0,99.9
2026-01-22T14:48:50.166422,120.0,21.9,101.2,99.9
2026-01-22T14:49:50.591365,128.0,22.1,101.2,99.9
2026-01-22T14:50:51.017345,120.0,22.2,101.4,99.9
2026-01-22T14:51:51.442701,120.0,22.4,101.2,99.9
2026-01-22T14:52:51.866919,136.0,22.3,101.5,99.9
2026-01-22T14:53:52.293225,136.0,22.2,101.5,99.9
2026-01-22T14:54:52.739044,136.0,22.0,101.4,99.9
2026-01-22T14:55:53.173420,128.0,21.8,101.5,99.9
2026-01-22T14:56:53.598913,136.0,21.6,101.6,99.9
2026-01-22T14:57:54.023786,136.0,21.4,101.6,99.9
2026-01-22T14:58:54.448497,128.0,21.2,102.0,99.9
2026-01-22T14:59:54.875073,136.0,21.0,102.3,99.9
2026-01-22T15:00:55.299894,136.0,20.7,102.8,99.9
2026-01-22T15:01:55.745104,144.0,20.7,101.1,99.9
2026-01-22T15:02:56.174472,136.0,20.7,100.7,99.9
2026-01-22T15:03:56.598963,136.0,20.9,100.4,99.9
2026-01-22T15:04:57.023593,136.0,21.2,100.3,99.9
2026-01-22T15:05:57.449927,136.0,21.6,100.3,99.9
2026-01-22T15:06:57.875059,136.0,21.9,100.3,99.9
2026-01-22T15:07:58.305115,120.0,22.1,100.5,99.9
2026-01-22T15:08:58.752319,128.0,22.2,100.5,99.9
2026-01-22T15:09:59.178142,120.0,22.3,100.4,99.9
2026-01-22T15:10:59.604934,120.0,22.3,100.4,99.9
2026-01-22T15:12:00.036914,128.0,22.3,100.4,99.9
2026-01-22T15:13:00.461493,120.0,22.1,100.3,99.9
2026-01-22T15:14:00.888636,120.0,21.8,100.0,100.0
2026-01-22T15:15:01.315450,120.0,21.6,100.2,99.9
2026-01-22T15:16:01.763640,120.0,21.3,100.4,99.9
2026-01-22T15:17:02.190709,136.0,21.1,100.2,99.9
2026-01-22T15:18:02.616702,128.0,20.9,100.1,99.9
2026-01-22T15:19:03.043549,136.0,20.6,101.4,99.9
2026-01-22T15:20:03.469482,128.0,20.5,101.6,99.9
2026-01-22T15:21:03.897994,120.0,20.5,101.2,99.9
2026-01-22T15:22:04.326159,120.0,20.6,101.6,99.9
2026-01-22T15:23:04.751501,120.0,21.0,101.3,99.9
2026-01-22T15:24:05.187785,128.0,21.3,101.2,99.9
2026-01-22T15:25:05.619023,128.0,21.7,101.2,99.9
2026-01-22T15:26:06.047855,128.0,21.9,101.1,99.9
2026-01-22T15:27:06.474820,120.0,22.1,101.5,99.9
2026-01-22T15:28:06.900816,120.0,22.4,101.5,99.9
2026-01-22T15:29:07.330942,120.0,22.3,101.6,99.9
2026-01-22T15:30:07.756475,120.0,22.2,101.4,99.9
2026-01-22T15:31:08.186083,128.0,22.1,101.4,99.9
2026-01-22T15:32:08.612645,120.0,21.9,101.2,99.9
2026-01-22T15:33:09.039513,120.0,21.7,101.2,100.0
2026-01-22T15:34:09.465556,120.0,21.4,101.2,100.0
2026-01-22T15:35:09.890959,120.0,21.2,101.3,99.9
2026-01-22T15:36:10.317003,128.0,21.0,101.5,99.9
2026-01-22T15:37:10.745628,120.0,20.7,101.0,99.9
2026-01-22T15:38:11.170439,120.0,20.5,101.1,99.9
2026-01-22T15:39:11.594875,120.0,20.5,101.1,99.9
2026-01-22T15:40:12.020014,120.0,20.5,101.3,99.9
2026-01-22T15:41:12.445698,120.0,20.8,101.2,99.9
2026-01-22T15:42:12.870511,120.0,21.3,101.3,99.9
2026-01-22T15:43:13.299039,128.0,21.6,101.1,99.9
2026-01-22T15:44:13.724420,120.0,22.0,101.1,99.9
2026-01-22T15:45:14.148786,120.0,22.1,101.4,99.9
2026-01-22T15:46:14.574712,128.0,22.2,101.6,99.9
2026-01-22T15:47:15.000623,120.0,22.3,101.6,99.9
2026-01-22T15:48:15.426730,128.0,22.4,101.8,99.9
2026-01-22T15:49:15.852207,120.0,22.3,102.0,99.9
2026-01-22T15:50:16.297784,120.0,22.1,101.9,99.9
2026-01-22T15:51:16.724007,128.0,21.8,102.0,99.9
2026-01-22T15:52:17.150912,120.0,21.6,101.9,99.9
2026-01-22T15:53:17.578539,120.0,21.3,101.8,99.9
2026-01-22T15:54:18.005567,120.0,21.1,101.7,99.9
2026-01-22T15:55:18.432432,128.0,20.8,101.7,99.9
2026-01-22T15:56:18.859928,120.0,20.6,101.8,99.9
2026-01-22T15:57:19.305831,120.0,20.5,101.7,99.9
2026-01-22T15:58:19.730755,120.0,20.4,101.6,99.9
2026-01-22T15:59:20.156139,120.0,20.6,101.6,99.9
2026-01-22T16:00:20.582765,120.0,21.0,101.3,99.9
2026-01-22T16:01:21.010088,128.0,21.4,101.2,99.9
2026-01-22T16:02:21.437975,120.0,21.8,101.5,99.9
2026-01-22T16:03:21.864963,128.0,22.0,101.7,99.9
2026-01-22T16:04:22.315221,120.0,22.2,101.3,99.9
2026-01-22T16:05:22.741001,120.0,22.3,101.2,99.9
2026-01-22T16:06:23.168699,120.0,22.4,101.1,99.9
2026-01-22T16:07:23.595322,120.0,22.5,101.0,99.9
2026-01-22T16:08:24.026968,120.0,22.4,100.7,99.9
2026-01-22T16:09:24.453961,120.0,22.2,101.0,99.9
2026-01-22T16:10:24.882867,120.0,21.9,101.0,99.9
2026-01-22T16:11:25.327927,120.0,21.7,101.0,99.9
2026-01-22T16:12:25.755453,120.0,21.4,101.4,99.9
2026-01-22T16:13:26.185053,128.0,21.2,101.8,99.9
2026-01-22T16:14:26.611850,120.0,21.0,101.9,99.9
2026-01-22T16:15:27.038887,120.0,20.8,101.7,99.9
2026-01-22T16:16:27.465846,120.0,20.5,101.7,99.9
2026-01-22T16:17:27.891718,120.0,20.4,101.8,99.9
2026-01-22T16:18:28.338763,128.0,20.5,101.9,100.0
2026-01-22T16:19:28.764062,128.0,20.8,101.7,99.9
2026-01-22T16:20:29.191112,120.0,21.2,101.7,99.9
2026-01-22T16:21:29.616932,120.0,21.5,101.5,99.9
2026-01-22T16:22:30.042615,120.0,21.8,101.6,99.9
2026-01-22T16:23:30.468889,128.0,22.0,101.6,99.9
2026-01-22T16:24:30.894738,120.0,22.1,101.5,99.9
2026-01-22T16:25:31.322541,120.0,22.2,101.6,99.9
2026-01-22T16:26:31.749898,120.0,22.2,101.6,99.9
2026-01-22T16:27:32.177338,128.0,22.2,101.7,99.9
2026-01-22T16:28:32.607882,120.0,22.0,100.4,99.9
2026-01-22T16:29:33.035486,120.0,21.7,100.4,99.9
2026-01-22T16:30:33.463189,120.0,21.4,100.5,99.9
2026-01-22T16:31:33.889132,120.0,21.3,100.4,99.9
2026-01-22T16:32:34.317849,120.0,21.0,100.6,99.9
2026-01-22T16:33:34.748958,120.0,20.8,100.5,100.0
2026-01-22T16:34:35.175238,120.0,20.6,100.7,99.9
2026-01-22T16:35:35.600938,128.0,20.4,100.6,99.9
2026-01-22T16:36:36.027908,120.0,20.5,100.7,99.9
2026-01-22T16:37:36.442827,128.0,20.8,100.7,99.9
2026-01-22T16:38:36.862380,120.0,21.0,100.8,99.9
2026-01-22T16:39:37.282210,120.0,21.3,101.0,99.9
2026-01-22T16:40:37.698965,128.0,21.7,100.7,99.9
2026-01-22T16:41:38.115487,120.0,21.9,100.8,99.9
2026-01-22T16:42:38.531685,120.0,22.2,100.7,99.9
2026-01-22T16:43:38.949057,120.0,22.4,100.8,99.9
2026-01-22T16:44:39.367557,128.0,22.5,100.9,99.9
2026-01-22T16:45:39.786148,120.0,22.4,100.8,99.9
2026-01-22T16:46:40.224647,120.0,22.3,100.9,99.9
2026-01-22T16:47:40.641565,128.0,22.0,100.9,99.9
2026-01-22T16:48:41.059702,120.0,21.8,101.0,99.9
2026-01-22T16:49:41.476603,128.0,21.5,100.9,99.9
2026-01-22T16:50:41.896818,120.0,21.3,100.7,99.9
2026-01-22T16:51:42.313296,128.0,21.0,100.6,99.9
2026-01-22T16:52:42.732588,128.0,20.8,100.6,99.9
2026-01-22T16:53:43.147840,128.0,20.6,100.3,99.9
2026-01-22T16:54:43.565022,128.0,20.5,100.3,99.9
2026-01-22T16:55:43.981651,128.0,20.4,100.3,99.9
2026-01-22T16:56:44.397932,120.0,20.6,100.3,99.9
2026-01-22T16:57:44.814889,128.0,20.8,100.0,99.9
2026-01-22T16:58:45.235248,120.0,21.2,99.9,99.9
2026-01-22T16:59:45.651947,120.0,21.6,99.2,99.9
2026-01-22T17:00:46.070216,120.0,21.8,99.3,99.9
2026-01-22T17:01:46.507066,120.0,22.1,101.4,99.9
2026-01-22T17:02:46.925958,128.0,22.2,101.4,99.9
2026-01-22T17:03:47.344910,128.0,22.2,101.4,99.9
2026-01-22T17:04:47.762116,120.0,22.3,101.4,99.9
2026-01-22T17:05:48.180025,120.0,22.1,101.5,99.9
2026-01-22T17:06:48.597762,128.0,21.9,101.6,99.9
2026-01-22T17:07:49.020879,128.0,21.6,101.8,99.9
2026-01-22T17:08:49.460218,120.0,21.3,101.6,99.9
2026-01-22T17:09:49.876728,120.0,21.1,101.7,99.9
2026-01-22T17:10:50.297750,120.0,20.9,101.5,99.9
2026-01-22T17:11:50.713899,120.0,20.7,101.5,99.9
2026-01-22T17:12:51.134103,128.0,20.5,101.5,99.9
2026-01-22T17:13:51.555255,120.0,20.4,101.4,99.9
2026-01-22T17:14:51.973171,120.0,20.4,101.6,99.9
2026-01-22T17:15:52.390036,120.0,20.7,101.4,99.9
2026-01-22T17:16:52.806055,120.0,21.0,101.5,99.9
2026-01-22T17:17:53.223096,120.0,21.3,101.4,99.9
2026-01-22T17:18:53.640379,120.0,21.6,101.4,99.9
2026-01-22T17:19:54.062143,128.0,21.9,101.3,99.9
2026-01-22T17:20:54.479833,120.0,22.2,101.5,99.9
2026-01-22T17:21:54.899747,120.0,22.3,101.6,99.9
2026-01-22T17:22:55.317862,120.0,22.3,101.6,99.9
2026-01-22T17:23:55.759465,120.0,22.2,101.5,99.9
2026-01-22T17:24:56.178846,120.0,22.1,101.7,99.9
2026-01-22T17:25:56.598706,120.0,21.8,101.7,99.9
2026-01-22T17:26:57.015119,128.0,21.5,101.7,99.9
2026-01-22T17:27:57.438631,120.0,21.3,101.6,99.9
2026-01-22T17:28:57.856969,120.0,21.0,101.7,99.9
2026-01-22T17:29:58.273540,120.0,20.8,101.8,99.9
2026-01-22T17:30:58.710822,120.0,20.6,101.7,99.9
2026-01-22T17:31:59.129494,120.0,20.4,101.8,99.9
2026-01-22T17:32:59.548591,136.0,20.4,102.0,99.9
2026-01-22T17:33:59.969293,128.0,20.4,102.2,99.9
2026-01-22T17:35:00.389580,120.0,20.8,102.3,99.9
2026-01-22T17:36:00.808420,120.0,21.2,102.0,99.9
2026-01-22T17:37:01.224204,128.0,21.5,102.0,99.9
2026-01-22T17:38:01.643696,128.0,21.8,102.1,99.9
2026-01-22T17:39:02.060596,120.0,22.2,101.9,99.9
2026-01-22T17:40:02.476815,128.0,22.4,101.7,99.9
2026-01-22T17:41:02.898892,128.0,22.4,101.8,99.9
2026-01-22T17:42:03.316472,120.0,22.4,101.6,99.9
2026-01-22T17:43:03.736750,120.0,22.3,101.8,99.9
2026-01-22T17:44:04.154985,128.0,22.2,101.8,99.9
2026-01-22T17:45:04.573602,136.0,21.9,101.8,99.9
2026-01-22T17:46:05.013188,120.0,21.6,101.8,99.9
2026-01-22T17:47:05.432400,120.0,21.3,101.9,99.9
2026-01-22T17:48:05.849710,120.0,21.1,101.9,99.9
2026-01-22T17:49:06.268486,120.0,20.9,102.1,99.9
2026-01-22T17:50:06.688344,128.0,20.6,101.8,99.9
2026-01-22T17:51:07.107055,120.0,20.4,101.7,99.9
2026-01-22T17:52:07.524570,120.0,20.3,101.9,99.9
2026-01-22T17:53:07.966924,128.0,20.4,101.8,99.9
2026-01-22T17:54:08.386786,120.0,20.7,101.8,99.9
2026-01-22T17:55:08.804663,120.0,21.0,102.2,99.9
2026-01-22T17:56:09.222090,120.0,21.4,102.1,99.9
2026-01-22T17:57:09.641333,128.0,21.7,102.0,99.9
2026-01-22T17:58:10.060153,120.0,21.9,102.0,99.9
2026-01-22T17:59:10.479071,120.0,22.1,102.0,99.9
2026-01-22T18:00:10.897008,120.0,22.3,102.0,99.9
2026-01-22T18:01:11.316223,120.0,22.4,101.9,99.9
2026-01-22T18:02:11.736036,120.0,22.4,102.3,99.9
2026-01-22T18:03:12.153921,128.0,22.2,102.3,99.9
2026-01-22T18:04:12.572696,120.0,21.9,102.1,99.9
2026-01-22T18:05:12.992233,120.0,21.6,102.0,99.9
2026-01-22T18:06:13.410888,120.0,21.4,102.0,99.9
2026-01-22T18:07:13.829219,128.0,21.1,102.2,99.9
2026-01-22T18:08:14.269355,128.0,20.9,102.3,99.9
2026-01-22T18:09:14.687978,128.0,20.6,102.1,99.9
2026-01-22T18:10:15.105309,128.0,20.4,102.1,99.9
2026-01-22T18:11:15.524758,128.0,20.3,102.2,99.9
2026-01-22T18:12:15.942004,120.0,20.3,102.0,99.9
2026-01-22T18:13:16.360415,120.0,20.6,101.9,99.9
2026-01-22T18:14:16.781015,120.0,20.9,101.9,99.9
2026-01-22T18:15:17.220656,120.0,21.2,101.8,99.9
2026-01-22T18:16:17.643556,120.0,21.6,101.8,99.9
2026-01-22T18:17:18.061382,128.0,21.9,101.7,99.9
2026-01-22T18:18:18.480641,120.0,22.1,101.6,99.9
2026-01-22T18:19:18.903946,128.0,22.3,101.5,99.9
2026-01-22T18:20:19.322496,120.0,22.5,101.5,99.9
2026-01-22T18:21:19.741861,128.0,22.5,101.4,99.9
2026-01-22T18:22:20.161896,120.0,22.3,101.6,99.9
2026-01-22T18:23:20.584436,120.0,22.0,101.4,99.9
2026-01-22T18:24:21.002822,120.0,21.8,101.7,99.9
2026-01-22T18:25:21.420574,120.0,21.5,101.6,99.9
2026-01-22T18:26:21.838777,120.0,21.3,101.5,99.9
2026-01-22T18:27:22.257432,128.0,21.0,101.8,99.9
2026-01-22T18:28:22.675625,136.0,20.8,101.7,99.9
2026-01-22T18:29:23.095500,120.0,20.6,101.5,99.9
2026-01-22T18:30:23.534744,128.0,20.4,101.6,99.9
2026-01-22T18:31:23.952880,120.0,20.3,101.7,99.9
2026-01-22T18:32:24.370890,120.0,20.4,101.8,99.9
2026-01-22T18:33:24.791973,120.0,20.8,101.9,99.9
2026-01-22T18:34:25.210570,128.0,21.1,101.8,99.9
2026-01-22T18:35:25.628895,120.0,21.4,101.8,99.9
2026-01-22T18:36:26.045828,128.0,21.8,102.0,99.9
2026-01-22T18:37:26.484547,128.0,22.0,101.9,99.9
2026-01-22T18:38:26.901983,120.0,22.3,101.8,99.9
2026-01-22T18:39:27.321758,128.0,22.4,101.9,99.9
2026-01-22T18:40:27.740608,128.0,22.4,102.1,99.9
2026-01-22T18:41:28.160531,120.0,22.3,102.2,99.9
2026-01-22T18:42:28.580652,128.0,22.1,102.3,99.9
2026-01-22T18:43:28.999440,120.0,21.8,102.3,99.9
2026-01-22T18:44:29.419551,120.0,21.6,102.2,99.9
2026-01-22T18:45:29.839088,128.0,21.3,102.2,99.9
2026-01-22T18:46:30.258695,120.0,21.0,102.1,99.9
2026-01-22T18:47:30.684033,120.0,20.9,102.2,99.9
2026-01-22T18:48:31.102827,120.0,20.6,101.8,99.9
2026-01-22T18:49:31.524767,120.0,20.4,102.0,99.9
2026-01-22T18:50:31.941804,128.0,20.3,102.1,99.9
2026-01-22T18:51:32.360120,120.0,20.3,102.1,99.9
2026-01-22T18:52:32.799637,120.0,20.6,101.9,99.9
2026-01-22T18:53:33.223563,120.0,21.0,101.9,99.9
2026-01-22T18:54:33.642131,120.0,21.4,102.2,99.9
2026-01-22T18:55:34.060595,120.0,21.8,102.1,99.9
2026-01-22T18:56:34.478416,120.0,21.9,102.0,99.9
2026-01-22T18:57:34.899876,120.0,22.2,102.4,99.9
2026-01-22T18:58:35.318809,128.0,22.3,102.4,99.9
2026-01-22T18:59:35.758552,128.0,22.3,102.3,99.9
2026-01-22T19:00:36.176722,120.0,22.4,102.3,99.9
2026-01-22T19:01:36.596499,128.0,22.2,102.4,99.9
2026-01-22T19:02:37.016242,128.0,21.9,102.5,99.9
2026-01-22T19:03:37.436692,120.0,21.7,102.3,99.9
2026-01-22T19:04:37.855910,120.0,21.4,102.4,99.9
2026-01-22T19:05:38.276873,128.0,21.2,102.3,99.9
2026-01-22T19:06:38.693963,128.0,21.0,102.3,99.9
2026-01-22T19:07:39.111734,248.0,20.7,102.3,99.9
2026-01-22T19:08:39.533751,120.0,20.5,102.0,99.9
2026-01-22T19:09:39.953640,120.0,20.4,102.3,99.9
2026-01-22T19:10:40.373612,120.0,20.3,102.2,99.9
2026-01-22T19:11:40.791656,120.0,20.6,102.2,99.9
2026-01-22T19:12:41.209232,128.0,20.9,102.4,99.9
2026-01-22T19:13:41.631506,128.0,21.2,102.5,99.9
2026-01-22T19:14:42.073961,128.0,21.5,102.1,99.9
2026-01-22T19:15:42.494573,128.0,21.8,102.3,99.9
2026-01-22T19:16:42.914550,120.0,22.0,102.4,99.9
2026-01-22T19:17:43.335050,120.0,22.2,102.4,99.9
2026-01-22T19:18:43.755539,120.0,22.3,102.3,99.9
2026-01-22T19:19:44.173047,120.0,22.4,102.2,99.9
2026-01-22T19:20:44.590312,128.0,22.2,102.2,99.9
2026-01-22T19:21:45.034691,120.0,22.0,102.2,99.9
2026-01-22T19:22:45.453455,120.0,21.7,101.9,99.9
2026-01-22T19:23:45.873654,128.0,21.5,102.0,99.9
2026-01-22T19:24:46.293922,120.0,21.2,102.2,99.9
2026-01-22T19:25:46.714537,120.0,21.0,102.0,99.9
2026-01-22T19:26:47.133366,120.0,20.8,102.2,99.9
2026-01-22T19:27:47.552198,120.0,20.6,102.2,99.9
2026-01-22T19:28:47.972780,120.0,20.4,102.3,99.9
2026-01-22T19:29:48.395803,120.0,20.3,102.0,99.9
2026-01-22T19:30:48.814019,128.0,20.4,101.9,99.8
2026-01-22T19:31:49.233593,120.0,20.7,102.2,99.9
2026-01-22T19:32:49.653372,128.0,21.1,101.9,99.9
2026-01-22T19:33:50.073462,120.0,21.4,101.9,99.9
2026-01-22T19:34:50.492949,128.0,21.8,101.9,99.9
2026-01-22T19:35:50.915852,128.0,22.1,102.1,99.9
2026-01-22T19:36:51.360146,120.0,22.2,102.2,99.9
2026-01-22T19:37:51.779566,128.0,22.4,102.3,99.9
2026-01-22T19:38:52.200305,120.0,22.4,102.5,99.9
2026-01-22T19:39:52.619706,120.0,22.2,102.4,99.9
2026-01-22T19:40:53.038448,120.0,22.0,102.4,99.9
2026-01-22T19:41:53.458673,120.0,21.7,102.4,99.9
2026-01-22T19:42:53.877756,120.0,21.5,102.2,99.9
2026-01-22T19:43:54.316947,128.0,21.3,102.2,99.9
2026-01-22T19:44:54.736409,128.0,21.0,102.3,99.9
2026-01-22T19:45:55.158953,128.0,20.8,102.5,99.9
2026-01-22T19:46:55.581833,120.0,20.6,102.1,99.9
2026-01-22T19:47:56.004879,120.0,20.4,101.9,99.9
2026-01-22T19:48:56.425494,120.0,20.3,102.2,99.9
2026-01-22T19:49:56.849607,120.0,20.4,102.3,99.9
2026-01-22T19:50:57.269660,120.0,20.8,102.3,99.9
2026-01-22T19:51:57.690416,128.0,21.1,102.1,99.9
2026-01-22T19:52:58.110211,128.0,21.4,101.9,99.9
2026-01-22T19:53:58.530969,120.0,21.7,101.9,99.9
2026-01-22T19:54:58.950789,120.0,22.0,100.5,99.9
2026-01-22T19:55:59.371615,120.0,22.1,100.3,99.9
2026-01-22T19:56:59.790575,128.0,22.4,100.4,99.9
2026-01-22T19:58:00.211017,136.0,22.4,100.4,99.9
2026-01-22T19:59:00.652645,120.0,22.3,100.4,99.9
2026-01-22T20:00:01.078724,120.0,22.2,100.6,99.9
2026-01-22T20:01:01.498650,120.0,21.8,100.5,99.9
2026-01-22T20:02:01.919157,128.0,21.6,100.9,99.9
2026-01-22T20:03:02.339856,128.0,21.3,100.6,99.9
2026-01-22T20:04:02.759863,120.0,21.0,100.7,99.9
2026-01-22T20:05:03.179072,120.0,20.8,100.7,99.9
2026-01-22T20:06:03.622216,128.0,20.6,101.0,99.9
2026-01-22T20:07:04.048345,120.0,20.4,100.8,99.9
2026-01-22T20:08:04.467729,120.0,20.3,100.9,99.9
2026-01-22T20:09:04.885920,120.0,20.3,101.0,99.9
2026-01-22T20:10:05.304903,128.0,20.7,100.8,99.9
2026-01-22T20:11:05.725235,120.0,21.0,100.7,99.9
2026-01-22T20:12:06.145565,136.0,21.3,100.5,99.9
2026-01-22T20:13:06.566077,128.0,21.7,100.7,99.9
2026-01-22T20:14:06.989574,120.0,22.0,100.6,99.9
2026-01-22T20:15:07.409278,120.0,22.2,100.7,99.9
2026-01-22T20:16:07.832661,128.0,22.3,100.6,99.9
2026-01-22T20:17:08.253198,120.0,22.4,100.9,99.9
2026-01-22T20:18:08.672940,120.0,22.3,100.8,99.9
2026-01-22T20:19:09.093049,120.0,22.2,101.0,99.9
2026-01-22T20:20:09.512477,128.0,21.9,101.2,99.9
2026-01-22T20:21:09.953247,120.0,21.6,101.1,99.9
2026-01-22T20:22:10.373261,128.0,21.4,101.2,99.9
2026-01-22T20:23:10.797091,120.0,21.1,101.2,99.9
2026-01-22T20:24:11.218008,128.0,20.9,101.0,99.9
2026-01-22T20:25:11.640067,128.0,20.7,101.0,99.9
2026-01-22T20:26:12.063064,128.0,20.4,100.9,99.9
2026-01-22T20:27:12.483653,128.0,20.3,100.9,99.9
2026-01-22T20:28:12.926485,128.0,20.3,100.9,99.9
2026-01-22T20:29:13.347948,128.0,20.5,100.8,99.9
2026-01-22T20:30:13.770228,120.0,20.8,100.8,99.9
2026-01-22T20:31:14.190961,136.0,21.2,100.6,99.9
2026-01-22T20:32:14.612538,120.0,21.5,100.4,99.9
2026-01-22T20:33:15.031870,120.0,21.8,100.4,99.9
2026-01-22T20:34:15.452994,120.0,22.1,100.3,99.9
2026-01-22T20:35:15.871947,120.0,22.2,100.6,99.9
2026-01-22T20:36:16.291926,120.0,22.3,100.5,99.9
2026-01-22T20:37:16.711733,120.0,22.3,100.8,99.9
2026-01-22T20:38:17.132432,128.0,22.2,100.9,99.9
2026-01-22T20:39:17.552361,128.0,22.0,101.0,99.9
2026-01-22T20:40:17.976534,120.0,21.7,101.0,99.9
2026-01-22T20:41:18.395842,120.0,21.5,100.8,99.9
2026-01-22T20:42:18.818705,120.0,21.3,101.0,99.9
2026-01-22T20:43:19.259841,120.0,21.0,100.8,99.9
2026-01-22T20:44:19.694758,120.0,20.8,100.4,99.9
2026-01-22T20:45:20.116859,128.0,20.6,100.1,99.9
2026-01-22T20:46:20.538238,128.0,20.4,100.4,99.9
2026-01-22T20:47:20.960987,120.0,20.3,100.3,99.9
2026-01-22T20:48:21.382649,120.0,20.4,100.4,99.9
2026-01-22T20:49:21.802891,120.0,20.6,100.4,99.9
2026-01-22T20:50:22.243614,128.0,21.0,100.3,99.9
2026-01-22T20:51:22.664312,120.0,21.3,100.3,99.9
2026-01-22T20:52:23.088413,128.0,21.6,100.3,99.9
2026-01-22T20:53:23.509363,128.0,22.0,100.3,99.9
2026-01-22T20:54:23.931546,120.0,22.2,100.4,99.9
2026-01-22T20:55:24.354035,128.0,22.3,100.4,99.9
2026-01-22T20:56:24.777952,120.0,22.4,100.4,99.9
2026-01-22T20:57:25.196743,120.0,22.3,100.6,99.9
2026-01-22T20:58:25.616824,120.0,22.1,100.8,99.9
2026-01-22T20:59:26.037850,120.0,21.8,100.8,99.9
2026-01-22T21:00:26.459262,128.0,21.5,100.6,99.9
2026-01-22T21:01:26.880650,120.0,21.3,100.6,99.9
2026-01-22T21:02:27.300420,120.0,21.0,100.6,99.9
2026-01-22T21:03:27.719667,120.0,20.8,100.6,99.9
2026-01-22T21:04:28.142479,120.0,20.6,100.8,99.9
2026-01-22T21:05:28.583978,128.0,20.4,100.9,99.9
2026-01-22T21:06:29.003175,120.0,20.3,100.7,99.9
2026-01-22T21:07:29.422870,128.0,20.4,100.6,99.9
2026-01-22T21:08:29.845172,136.0,20.6,100.7,99.9
2026-01-22T21:09:30.264954,144.0,21.0,100.7,99.9
2026-01-22T21:10:30.685483,136.0,21.3,100.6,99.9
2026-01-22T21:11:31.104489,128.0,21.6,100.8,99.9
2026-01-22T21:12:31.548500,136.0,21.9,100.8,99.9
2026-01-22T21:13:31.969294,136.0,22.1,100.6,99.9
2026-01-22T21:14:32.394858,144.0,22.3,100.8,99.9
2026-01-22T21:15:32.816372,136.0,22.4,100.9,99.9
2026-01-22T21:16:33.237130,136.0,22.4,100.9,99.9
2026-01-22T21:17:33.658236,144.0,22.4,100.8,99.9
2026-01-22T21:18:34.078969,136.0,22.2,100.8,99.9
2026-01-22T21:19:34.499550,136.0,21.9,100.5,99.9
2026-01-22T21:20:34.920938,136.0,21.7,100.4,99.9
2026-01-22T21:21:35.341744,128.0,21.4,100.7,99.9
2026-01-22T21:22:35.763666,136.0,21.2,100.7,99.9
2026-01-22T21:23:36.186097,120.0,20.9,100.7,99.9
2026-01-22T21:24:36.607363,120.0,20.6,100.4,99.9
2026-01-22T21:25:37.028895,128.0,20.4,100.5,99.9
2026-01-22T21:26:37.450578,120.0,20.4,100.7,99.9
2026-01-22T21:27:37.913819,120.0,20.4,100.8,99.9
2026-01-22T21:28:38.334555,120.0,20.7,100.7,99.9
2026-01-22T21:29:38.755827,128.0,21.2,100.5,99.9
2026-01-22T21:30:39.178978,120.0,21.5,100.9,99.9
2026-01-22T21:31:39.601101,120.0,21.8,101.0,100.0
2026-01-22T21:32:40.023561,120.0,21.9,101.0,99.9
2026-01-22T21:33:40.443976,120.0,22.3,100.9,99.9
2026-01-22T21:34:40.888295,120.0,22.4,101.0,99.9
2026-01-22T21:35:41.309760,120.0,22.4,101.0,100.0
2026-01-22T21:36:41.729794,120.0,22.2,100.9,99.9
2026-01-22T21:37:42.150832,120.0,22.0,101.0,99.9
2026-01-22T21:38:42.572287,120.0,21.7,101.0,99.9
2026-01-22T21:39:42.992868,128.0,21.5,100.9,99.9
2026-01-22T21:40:43.425975,128.0,21.3,100.8,99.9
2026-01-22T21:41:43.850078,120.0,21.0,100.7,99.9
2026-01-22T21:42:44.271124,120.0,20.7,100.7,99.9
2026-01-22T21:43:44.692317,120.0,20.5,100.8,99.9
2026-01-22T21:44:45.114726,128.0,20.4,100.6,99.9
2026-01-22T21:45:45.536169,120.0,20.3,100.8,99.9
2026-01-22T21:46:45.956032,120.0,20.4,100.9,99.9
2026-01-22T21:47:46.378665,120.0,20.7,100.6,99.9
2026-01-22T21:48:46.798540,120.0,21.1,100.7,99.9
2026-01-22T21:49:47.239969,128.0,21.4,100.8,99.9
2026-01-22T21:50:47.661541,128.0,21.7,100.9,99.9
2026-01-22T21:51:48.093745,120.0,21.9,100.7,99.9
2026-01-22T21:52:48.516091,128.0,22.0,100.8,99.9
2026-01-22T21:53:48.941512,120.0,22.3,100.9,99.9
2026-01-22T21:54:49.364784,120.0,22.3,100.8,99.9
2026-01-22T21:55:49.786994,120.0,22.2,100.8,99.9
2026-01-22T21:56:50.228711,120.0,22.0,100.8,100.0
2026-01-22T21:57:50.650712,128.0,21.7,101.1,99.9
2026-01-22T21:58:51.076571,120.0,21.4,100.9,99.9
2026-01-22T21:59:51.499894,120.0,21.2,101.0,99.9
2026-01-22T22:00:51.923741,128.0,21.0,100.5,99.9
2026-01-22T22:01:52.345190,120.0,20.8,100.4,99.9
2026-01-22T22:02:52.768499,128.0,20.5,100.4,99.9
2026-01-22T22:03:53.191738,120.0,20.4,100.2,99.9
2026-01-22T22:04:53.614099,120.0,20.3,100.3,99.9
2026-01-22T22:05:54.035810,120.0,20.3,100.0,99.9
2026-01-22T22:06:54.456412,120.0,20.7,100.1,99.9
2026-01-22T22:07:54.878529,120.0,21.1,100.1,99.9
2026-01-22T22:08:55.299401,128.0,21.4,100.3,99.9
2026-01-22T22:09:55.729173,128.0,21.7,100.0,99.9
2026-01-22T22:10:56.150578,120.0,22.0,100.0,99.9
2026-01-22T22:11:56.593914,120.0,22.2,100.1,99.9
2026-01-22T22:12:57.014592,120.0,22.3,100.3,99.9
2026-01-22T22:13:57.436483,128.0,22.3,100.2,99.9
2026-01-22T22:14:57.858326,136.0,22.3,100.5,99.9
2026-01-22T22:15:58.278778,120.0,22.2,100.5,99.9
2026-01-22T22:16:58.699433,128.0,21.8,100.6,99.9
2026-01-22T22:17:59.120976,120.0,21.6,101.2,99.9
2026-01-22T22:18:59.563256,120.0,21.3,101.1,99.9
2026-01-22T22:19:59.985614,120.0,21.0,101.4,99.9
2026-01-22T22:21:00.409836,120.0,20.8,101.1,99.9
2026-01-22T22:22:00.831928,128.0,20.6,100.4,99.9
2026-01-22T22:23:01.257020,120.0,20.4,100.4,99.9
2026-01-22T22:24:01.679683,136.0,20.3,99.9,99.9
2026-01-22T22:25:02.100674,120.0,20.3,100.1,99.8
2026-01-22T22:26:02.525799,120.0,20.5,100.2,99.9
2026-01-22T22:27:02.948998,120.0,20.8,100.4,99.9
2026-01-22T22:28:03.369527,120.0,21.1,100.5,99.9
2026-01-22T22:29:03.791791,120.0,21.6,100.6,99.9
2026-01-22T22:30:04.212584,120.0,21.9,100.7,99.9
2026-01-22T22:31:04.634873,128.0,22.1,100.6,99.9
2026-01-22T22:32:05.057694,120.0,22.3,100.8,99.9
2026-01-22T22:33:05.478847,128.0,22.3,100.6,99.9
2026-01-22T22:34:05.921300,128.0,22.4,100.5,99.9
2026-01-22T22:35:06.343302,144.0,22.2,100.4,99.9
2026-01-22T22:36:06.766916,128.0,21.9,100.4,99.9
2026-01-22T22:37:07.189873,120.0,21.7,100.3,99.9
2026-01-22T22:38:07.611006,120.0,21.4,100.6,99.9
2026-01-22T22:39:08.032819,136.0,21.1,100.7,99.9
2026-01-22T22:40:08.455632,128.0,20.9,100.7,99.9
2026-01-22T22:41:08.900133,120.0,20.7,100.8,99.9
2026-01-22T22:42:09.324500,120.0,20.5,100.9,99.9
2026-01-22T22:43:09.748098,120.0,20.2,100.9,99.9
2026-01-22T22:44:10.169826,128.0,20.2,100.7,99.9
2026-01-22T22:45:10.592587,120.0,20.3,100.7,99.9
2026-01-22T22:46:11.018700,168.0,20.7,100.9,99.9
2026-01-22T22:47:11.438760,120.0,21.0,100.8,99.9
2026-01-22T22:48:11.857538,120.0,21.4,100.5,99.9
2026-01-22T22:49:12.278617,120.0,21.7,100.9,99.9
2026-01-22T22:50:12.699691,120.0,21.9,100.6,99.9
2026-01-22T22:51:13.121640,120.0,22.2,100.6,99.9
2026-01-22T22:52:13.541678,128.0,22.3,101.0,99.9
2026-01-22T22:53:13.965672,120.0,22.4,100.9,99.9
2026-01-22T22:54:14.390928,128.0,22.3,100.7,99.9
2026-01-22T22:55:14.814559,120.0,22.1,100.9,100.0
2026-01-22T22:56:15.233603,128.0,21.8,100.8,99.9
2026-01-22T22:57:15.655800,128.0,21.5,100.7,99.9
2026-01-22T22:58:16.077068,120.0,21.3,100.3,99.9
2026-01-22T22:59:16.503080,120.0,21.0,100.2,99.9
2026-01-22T23:00:16.924727,128.0,20.8,100.3,100.0
2026-01-22T23:01:17.347558,120.0,20.6,99.8,99.9
2026-01-22T23:02:17.767574,120.0,20.4,99.7,99.9
2026-01-22T23:03:18.188552,128.0,20.3,99.5,99.9
2026-01-22T23:04:18.632899,128.0,20.3,99.7,99.9
2026-01-22T23:05:19.052208,120.0,20.6,99.9,99.9
2026-01-22T23:06:19.474912,128.0,20.9,100.0,99.9
2026-01-22T23:07:19.896238,120.0,21.3,100.2,99.9
2026-01-22T23:08:20.317859,128.0,21.5,100.1,99.9
2026-01-22T23:09:20.742611,120.0,21.7,100.0,99.9
2026-01-22T23:10:21.167064,120.0,21.9,100.0,99.9
2026-01-22T23:11:21.589499,120.0,22.1,100.2,99.9
2026-01-22T23:12:22.031991,120.0,22.3,100.4,99.9
2026-01-22T23:13:22.453610,120.0,22.3,100.0,99.9
2026-01-22T23:14:22.874671,120.0,22.2,100.4,99.9
2026-01-22T23:15:23.297092,120.0,21.9,100.3,99.9
2026-01-22T23:16:23.719622,120.0,21.6,101.7,99.9
2026-01-22T23:17:24.139267,120.0,21.3,101.7,99.9
2026-01-22T23:18:24.563125,128.0,21.1,101.8,99.9
2026-01-22T23:19:24.984470,112.0,20.9,101.6,99.9
2026-01-22T23:20:25.404963,128.0,20.7,101.7,99.9
2026-01-22T23:21:25.832131,128.0,20.4,101.6,99.9
2026-01-22T23:22:26.256126,120.0,20.2,102.0,99.9
2026-01-22T23:23:26.676598,128.0,20.2,101.8,99.9
2026-01-22T23:24:27.098448,120.0,20.4,102.0,99.9
2026-01-22T23:25:27.520606,128.0,20.7,102.1,99.9
2026-01-22T23:26:27.943860,120.0,21.2,102.1,99.9
2026-01-22T23:27:28.386660,120.0,21.4,102.1,99.9
2026-01-22T23:28:28.809332,128.0,21.7,102.3,99.9
2026-01-22T23:29:29.232216,128.0,21.9,102.7,99.9
2026-01-22T23:30:29.652448,120.0,22.2,102.6,99.9
2026-01-22T23:31:30.076310,120.0,22.3,102.2,99.9
2026-01-22T23:32:30.499848,128.0,22.2,102.2,99.9
2026-01-22T23:33:30.922133,128.0,22.2,101.9,99.9
2026-01-22T23:34:31.343589,120.0,22.0,101.9,99.9
2026-01-22T23:35:31.784754,120.0,21.7,102.0,99.9
2026-01-22T23:36:32.206927,128.0,21.4,101.8,99.9
2026-01-22T23:37:32.641826,120.0,21.2,101.7,99.9
2026-01-22T23:38:33.071172,128.0,20.9,102.0,99.9
2026-01-22T23:39:33.495957,112.0,20.7,102.0,99.9
2026-01-22T23:40:33.918377,120.0,20.5,102.4,99.9
2026-01-22T23:41:34.342829,128.0,20.3,102.5,99.9
2026-01-22T23:42:34.769364,120.0,20.2,102.3,99.9
2026-01-22T23:43:35.190552,120.0,20.4,102.6,99.9
2026-01-22T23:44:35.611930,128.0,20.8,100.9,99.9
2026-01-22T23:45:36.031402,120.0,21.0,100.6,99.9
2026-01-22T23:46:36.453115,120.0,21.4,100.3,99.9
2026-01-22T23:47:36.875038,120.0,21.6,100.1,99.9
2026-01-22T23:48:37.297223,128.0,21.9,100.0,99.9
2026-01-22T23:49:37.722218,128.0,22.2,100.1,99.9
2026-01-22T23:50:38.164400,120.0,22.3,100.3,99.9
2026-01-22T23:51:38.583552,128.0,22.4,100.5,99.9
2026-01-22T23:52:39.004538,120.0,22.3,100.8,99.9
2026-01-22T23:53:39.427730,120.0,22.1,100.8,99.9
2026-01-22T23:54:39.855678,128.0,21.8,100.8,99.9
2026-01-22T23:55:40.283577,128.0,21.5,101.1,99.9
2026-01-22T23:56:40.708173,128.0,21.3,101.2,99.9
2026-01-22T23:57:41.151680,120.0,21.0,101.1,99.9
2026-01-22T23:58:41.575153,128.0,20.8,100.8,99.9
2026-01-22T23:59:41.998211,120.0,20.6,100.4,99.9
